Timestamp,Green,Blue,Control,Temp(C),Humidity(%)
2026-03-05 02:38:27,3479,3491,3595,26.0,60
2026-03-05 02:53:30,3478,3491,3577,26.0,60
2026-03-05 03:08:33,3477,3493,3578,26.0,60
2026-03-05 03:23:34,3475,3494,3587,26.0,60
2026-03-05 03:38:37,3475,3492,3581,26.0,61
2026-03-05 03:53:39,3476,3484,3591,25.9,61
2026-03-05 04:08:39,3484,3497,3591,25.9,61
2026-03-05 04:23:43,3482,3499,3593,25.9,61
2026-03-05 04:38:44,3475,3501,3590,25.8,61
2026-03-05 04:53:46,3479,3499,3593,25.7,61
2026-03-05 05:08:49,3479,3499,3589,25.5,60
2026-03-05 05:23:51,3480,3499,3594,25.4,60
2026-03-05 05:38:52,3479,3503,3593,25.3,59
2026-03-05 05:53:53,3482,3497,3593,25.3,59
2026-03-05 06:08:53,3471,3491,3593,25.4,59
2026-03-05 06:23:56,3482,3509,3595,25.4,59
2026-03-05 06:38:59,3482,3499,3594,25.4,59
2026-03-05 06:54:01,3480,3501,3595,25.4,59
2026-03-05 07:09:01,3478,3499,3595,25.4,59
2026-03-05 07:24:02,3481,3497,3599,25.4,59
2026-03-05 07:39:02,3476,3497,3595,25.4,59
2026-03-05 07:54:03,3480,3502,3597,25.4,60
2026-03-05 08:09:05,3478,3503,3595,25.4,60
2026-03-05 08:24:05,3479,3503,3595,25.4,60
2026-03-05 08:39:06,3480,3497,3597,25.4,60
2026-03-05 08:54:07,3480,3507,3593,25.4,60
2026-03-05 09:09:07,3478,3494,3595,25.4,60
2026-03-05 09:24:08,3487,3495,3597,25.4,60
2026-03-05 09:39:08,3483,3508,3592,25.4,60
2026-03-05 09:54:09,3479,3503,3595,25.3,60
2026-03-05 10:09:12,3481,3499,3595,25.3,60
2026-03-05 10:24:15,3479,3500,3593,25.3,60
2026-03-05 10:39:17,3482,3499,3593,25.3,60
2026-03-05 10:54:19,3479,3498,3595,25.3,60
2026-03-05 11:09:21,3485,3501,3596,25.3,60
2026-03-05 11:24:23,3481,3509,3595,25.3,60
2026-03-05 11:39:26,3483,3499,3595,25.3,60
2026-03-05 11:54:27,3480,3496,3593,25.3,60
2026-03-05 12:09:30,3477,3495,3595,25.3,60
2026-03-05 12:24:31,3487,3507,3597,25.3,60
2026-03-05 12:39:32,3481,3503,3599,25.3,60
2026-03-05 12:54:34,3480,3499,3596,25.3,60
2026-03-05 13:09:36,3484,3500,3595,25.4,60
2026-03-05 13:24:39,3484,3503,3599,25.4,60
2026-03-05 13:39:39,3483,3503,3601,25.4,60
2026-03-05 13:54:42,3484,3503,3601,25.4,60
2026-03-05 14:09:43,3475,3499,3596,25.5,60
2026-03-05 14:24:44,3482,3499,3601,25.5,60
2026-03-05 14:39:47,3480,3503,3601,25.5,59
2026-03-05 14:54:50,3486,3501,3599,25.5,59
2026-03-05 15:09:52,3478,3501,3597,25.6,59
2026-03-05 15:24:56,3480,3501,3601,25.6,59
2026-03-05 15:39:59,3483,3501,3599,25.7,58
2026-03-05 15:55:00,3483,3511,3603,25.7,58
2026-03-05 16:10:02,3481,3507,3603,25.8,58
2026-03-05 16:25:05,3483,3507,3605,25.8,58
2026-03-05 16:40:06,3485,3513,3607,25.8,58
2026-03-05 16:55:09,3492,3516,3611,25.9,58
2026-03-05 17:10:10,3484,3510,3609,25.9,58
2026-03-05 17:25:10,3487,3513,3612,26.0,58
2026-03-05 17:40:11,3484,3515,3611,26.1,57
2026-03-05 17:55:12,3484,3508,3611,26.1,57
2026-03-05 18:10:15,3481,3495,3612,26.2,57
2026-03-05 18:25:16,3482,3509,3611,26.2,57
2026-03-05 18:40:19,3491,3511,3613,26.2,57
2026-03-05 18:55:22,3484,3503,3607,26.2,57
2026-03-05 19:10:23,3483,3503,3611,26.3,57
2026-03-05 19:25:24,3481,3503,3609,26.3,57
2026-03-05 19:40:27,3484,3509,3607,26.3,56
2026-03-05 19:55:29,3483,3501,3613,26.3,56
2026-03-05 20:10:32,3486,3511,3609,26.3,56
2026-03-05 20:25:32,3486,3509,3612,26.3,56
2026-03-05 20:40:33,3491,3507,3611,26.4,56
2026-03-05 20:55:34,3488,3511,3615,26.4,56
2026-03-05 21:10:37,3485,3503,3612,26.5,56
2026-03-05 21:25:39,3483,3508,3613,26.6,56
2026-03-05 21:40:42,3485,3513,3615,26.6,56
2026-03-05 21:55:44,3484,3501,3611,26.6,56
2026-03-05 22:10:47,3479,3511,3611,26.6,56
2026-03-05 22:25:49,3477,3497,3555,26.6,56
2026-03-05 22:40:51,3475,3487,3613,26.7,56
2026-03-05 22:55:54,3470,3493,3611,26.7,56
2026-03-05 23:10:56,3468,3479,3609,26.8,56
2026-03-05 23:25:57,3475,3479,3609,26.8,56
2026-03-05 23:40:58,3474,3493,3611,26.9,56
2026-03-05 23:56:00,3474,3487,3611,26.9,56
2026-03-06 00:11:01,3469,3467,3611,26.9,56
2026-03-06 00:26:03,3476,3471,3610,26.9,57
2026-03-06 00:41:06,3491,3469,3609,26.9,57
2026-03-06 00:56:07,3471,3470,3611,26.9,57
2026-03-06 01:11:10,3478,3468,3611,26.9,57
2026-03-06 01:26:12,3479,3479,3611,27.0,58
2026-03-06 01:41:15,3470,3455,3612,27.0,58
2026-03-06 01:56:17,3475,3455,3609,27.0,58
2026-03-06 02:11:19,3475,3455,3610,27.0,58
2026-03-06 02:26:20,3469,3465,3609,27.0,58
2026-03-06 02:41:21,3496,3451,3609,27.0,58
2026-03-06 02:56:22,3469,3453,3609,27.0,59
2026-03-06 03:11:23,3476,3449,3611,27.0,59
2026-03-06 03:26:24,3468,3453,3611,27.0,59
2026-03-06 03:41:27,3475,3463,3613,27.1,59
2026-03-06 03:56:27,3470,3447,3609,27.1,59
2026-03-06 04:11:27,3468,3448,3608,27.1,59
2026-03-06 04:26:30,3471,3451,3611,27.1,59
2026-03-06 04:41:33,3475,3455,3612,27.1,59
2026-03-06 04:56:35,3470,3452,3610,27.0,59
2026-03-06 05:11:36,3467,3447,3608,26.9,59
2026-03-06 05:26:38,3479,3425,3607,26.8,58
2026-03-06 05:41:41,3471,3445,3606,26.8,58
2026-03-06 05:56:44,3468,3447,3606,26.8,57
2026-03-06 06:11:45,3478,3447,3608,26.8,57
2026-03-06 06:26:48,3468,3447,3607,26.8,57
2026-03-06 06:41:48,3476,3445,3609,26.8,57
2026-03-06 06:56:49,3471,3443,3610,26.8,57
2026-03-06 07:11:52,3479,3447,3609,26.8,57
2026-03-06 07:26:53,3471,3446,3608,26.8,57
2026-03-06 07:41:53,3475,3447,3610,26.8,57
2026-03-06 07:56:53,3477,3437,3607,26.8,57
2026-03-06 08:11:54,3475,3445,3609,26.8,57
2026-03-06 08:26:54,3481,3463,3611,26.8,57
2026-03-06 08:41:54,3475,3443,3608,26.8,57
2026-03-06 08:56:54,3469,3447,3607,26.8,57
2026-03-06 09:11:55,3481,3443,3607,26.7,57
2026-03-06 09:26:57,3476,3444,3607,26.7,57
2026-03-06 09:41:57,3475,3447,3602,26.7,57
2026-03-06 09:56:58,3475,3435,3606,26.7,57
2026-03-06 10:11:58,3472,3447,3605,26.6,57
2026-03-06 10:26:59,3463,3445,3603,26.6,57
2026-03-06 10:42:01,3467,3440,3601,26.6,57
2026-03-06 10:57:01,3471,3445,3596,26.6,57
2026-03-06 11:12:02,3475,3439,3603,26.6,57
2026-03-06 11:27:03,3471,3447,3604,26.6,57
2026-03-06 11:42:04,3473,3435,3599,26.6,57
2026-03-06 11:57:04,3479,3443,3603,26.6,57
2026-03-06 12:12:06,3471,3443,3603,26.6,56
2026-03-06 12:27:08,3479,3443,3602,26.5,56
2026-03-06 12:42:11,3471,3440,3597,26.5,56
2026-03-06 12:57:14,3469,3443,3603,26.5,56
2026-03-06 13:12:17,3468,3445,3606,26.4,56
2026-03-06 13:27:19,3470,3443,3603,26.4,56
2026-03-06 13:42:21,3470,3445,3601,26.3,56
2026-03-06 13:57:24,3471,3447,3607,26.3,55
2026-03-06 14:12:26,3470,3445,3605,26.2,55
2026-03-06 14:27:29,3468,3439,3604,26.1,55
2026-03-06 14:42:32,3471,3497,3605,26.1,54
2026-03-06 14:57:34,3455,3445,3602,26.1,54
2026-03-06 15:12:36,3468,3443,3605,26.1,54
2026-03-06 15:27:39,3470,3429,3603,26.1,54
2026-03-06 15:42:39,3469,3439,3605,26.2,54
2026-03-06 15:57:40,3479,3443,3607,26.2,55
2026-03-06 16:12:42,3469,3439,3605,26.2,55
2026-03-06 16:27:43,3475,3437,3607,26.3,56
2026-03-06 16:42:43,3474,3439,3608,26.3,56
2026-03-06 16:57:43,3479,3449,3607,26.3,56
2026-03-06 17:12:46,3471,3440,3606,26.2,56
2026-03-06 17:27:49,3468,3439,3607,26.2,56
2026-03-06 17:42:49,3476,3438,3609,26.2,57
2026-03-06 17:57:50,3469,3439,3607,26.2,57
2026-03-06 18:12:51,3471,3445,3606,26.2,57
2026-03-06 18:27:52,3475,3423,3612,26.2,57
2026-03-06 18:42:54,3476,3437,3607,26.1,56
2026-03-06 18:57:57,3475,3439,3609,26.1,56
2026-03-06 19:12:58,3475,3439,3609,26.1,55
2026-03-06 19:27:59,3475,3449,3608,26.0,55
2026-03-06 19:43:00,3476,3443,3605,25.9,55
2026-03-06 19:58:02,3470,3443,3609,26.0,55
2026-03-06 20:13:05,3464,3447,3607,25.9,54
2026-03-06 20:28:07,3467,3445,3607,25.9,54
2026-03-06 20:43:10,3471,3443,3608,25.9,54
2026-03-06 20:58:12,3471,3443,3607,25.9,54
2026-03-06 21:13:12,3470,3445,3607,26.0,54
2026-03-06 21:28:15,3475,3448,3605,26.0,54
2026-03-06 21:43:15,3470,3443,3605,26.0,54
2026-03-06 21:58:18,3471,3443,3608,26.0,55
2026-03-06 22:13:20,3478,3439,3607,26.0,55
2026-03-06 22:28:21,3470,3447,3608,26.0,55
2026-03-06 22:43:22,3468,3445,3606,26.0,55
2026-03-06 22:58:22,3468,3445,3607,26.0,55
2026-03-06 23:13:25,3492,3343,3603,26.0,55
2026-03-06 23:28:27,3486,3365,3620,26.0,55
2026-03-06 23:43:28,3494,3359,3622,25.9,55
2026-03-06 23:58:29,3494,3363,3619,25.9,55
2026-03-07 00:13:31,3493,3351,3615,25.8,55
2026-03-07 00:28:31,3494,3351,3621,25.7,55
2026-03-07 00:43:34,3541,3351,3613,25.7,54
2026-03-07 00:58:36,3487,3349,3613,25.7,54
2026-03-07 01:13:36,3488,3348,3612,25.6,55
2026-03-07 01:28:37,3495,3346,3613,25.6,55
2026-03-07 01:43:37,3495,3346,3612,25.6,55
2026-03-07 01:58:38,3487,3339,3609,25.6,55
2026-03-07 02:13:40,3494,3337,3613,25.6,55
2026-03-07 02:28:41,3487,3345,3613,25.7,56
2026-03-07 02:43:42,3496,3324,3612,25.7,56
2026-03-07 02:58:43,3493,3327,3612,25.7,56
2026-03-07 03:13:45,3491,3335,3611,25.7,56
2026-03-07 03:28:46,3492,3336,3613,25.7,57
2026-03-07 03:43:48,3483,3325,3608,25.6,57
2026-03-07 03:58:51,3494,3333,3611,25.6,57
2026-03-07 04:13:54,3491,3325,3609,25.5,57
2026-03-07 04:28:56,3497,3327,3613,25.5,57
2026-03-07 04:43:59,3493,3325,3573,25.5,57
2026-03-07 04:59:01,3499,3327,3611,25.5,57
2026-03-07 05:14:03,3496,3325,3610,25.5,58
2026-03-07 05:29:07,3483,3327,3609,25.5,58
2026-03-07 05:44:07,3492,3335,3611,25.5,58
2026-03-07 05:59:08,3498,3327,3609,25.4,58
2026-03-07 06:14:08,3491,3325,3610,25.4,58
2026-03-07 06:29:11,3492,3333,3609,25.4,58
2026-03-07 06:44:13,3484,3321,3613,25.4,58
2026-03-07 06:59:15,3492,3326,3611,25.4,58
2026-03-07 07:14:15,3491,3337,3611,25.3,58
2026-03-07 07:29:16,3491,3333,3610,25.3,58
2026-03-07 07:44:17,3488,3336,3609,25.3,58
2026-03-07 07:59:19,3492,3327,3607,25.2,58
2026-03-07 08:14:20,3487,3325,3609,25.2,58
2026-03-07 08:29:22,3493,3325,3609,25.1,58
2026-03-07 08:44:22,3491,3335,3612,25.1,58
2026-03-07 08:59:23,3494,3335,3611,25.1,58
2026-03-07 09:14:23,3485,3335,3608,25.1,58
2026-03-07 09:29:24,3490,3327,3608,25.1,58
2026-03-07 09:44:24,3492,3333,3605,25.1,58
2026-03-07 09:59:24,3487,3335,3602,25.1,58
2026-03-07 10:14:25,3491,3327,3605,25.0,58
2026-03-07 10:29:26,3494,3325,3605,25.0,58
2026-03-07 10:44:26,3492,3327,3605,25.0,58
2026-03-07 10:59:27,3494,3328,3603,25.0,57
2026-03-07 11:14:29,3495,3335,3605,25.0,57
2026-03-07 11:29:30,3487,3337,3608,25.0,57
2026-03-07 11:44:33,3494,3325,3608,25.0,57
2026-03-07 11:59:35,3485,3333,3605,25.0,57
2026-03-07 12:14:36,3495,3325,3595,25.0,57
2026-03-07 12:29:36,3495,3335,3596,25.0,57
2026-03-07 12:44:38,3486,3335,3601,25.0,57
2026-03-07 12:59:40,3493,3309,3601,25.0,57
2026-03-07 13:14:41,3495,3327,3601,25.0,57
2026-03-07 13:29:41,3497,3335,3603,25.0,57
2026-03-07 13:44:41,3484,3323,3602,25.1,57
2026-03-07 13:59:42,3494,3335,3595,25.1,57
2026-03-07 14:14:42,3495,3339,3593,25.1,57
2026-03-07 14:29:43,3486,3348,3599,25.1,57
2026-03-07 14:44:43,3495,3352,3595,25.0,57
2026-03-07 14:59:43,3491,3366,3601,25.0,56
2026-03-07 15:14:44,3484,3399,3602,25.0,56
2026-03-07 15:29:44,3493,3401,3603,25.0,56
2026-03-07 15:44:44,3497,3413,3603,25.0,55
2026-03-07 15:59:44,3498,3469,3601,25.0,55
2026-03-07 16:14:44,3496,3511,3604,25.0,55
2026-03-07 16:29:45,3490,3549,3607,25.0,55
2026-03-07 16:44:45,3493,3525,3605,25.0,56
2026-03-07 16:59:45,3494,3469,3605,25.0,56
2026-03-07 17:14:45,3494,3415,3605,25.0,56
2026-03-07 17:29:46,3495,3379,3611,25.0,56
2026-03-07 17:44:46,3493,3385,3609,25.0,56
2026-03-07 17:59:47,3497,3483,3605,25.0,56
2026-03-07 18:14:47,3499,3717,3609,25.0,56
2026-03-07 18:29:48,3501,3815,3611,25.0,56
2026-03-07 18:44:48,3500,3637,3609,24.9,56
2026-03-07 18:59:48,3495,3477,3607,24.9,55
2026-03-07 19:14:48,3494,3455,3609,24.9,55
2026-03-07 19:29:48,3501,3475,3605,24.9,55
2026-03-07 19:44:49,3494,3399,3603,24.8,55
2026-03-07 19:59:49,3507,3369,3607,24.8,55
2026-03-07 20:14:49,3496,3355,3605,24.8,55
2026-03-07 20:29:50,3501,3372,3607,24.9,55
2026-03-07 20:44:50,3503,3375,3604,24.9,55
2026-03-07 20:59:50,3502,3363,3605,24.9,55
2026-03-07 21:14:51,3495,3351,3607,24.9,55
2026-03-07 21:29:51,3516,3347,3608,24.9,55
2026-03-07 21:44:51,3499,3379,3607,24.9,55
2026-03-07 21:59:51,3500,3386,3607,24.9,55
2026-03-07 22:14:52,3488,3359,3603,24.9,55
2026-03-07 22:29:52,3500,3339,3605,24.9,55
2026-03-07 22:44:53,3503,3335,3608,24.9,55
2026-03-07 22:59:53,3501,3337,3606,25.0,55
2026-03-07 23:14:54,3503,3337,3603,25.0,55
2026-03-07 23:29:54,3498,3340,3603,25.0,55
2026-03-07 23:44:54,3500,3339,3605,24.9,55
2026-03-07 23:59:54,3497,3336,3603,24.9,55
2026-03-08 00:14:54,3497,3337,3605,24.9,55
2026-03-08 00:29:54,3501,3341,3608,24.9,55
2026-03-08 00:44:55,3497,3325,3608,24.9,55
2026-03-08 00:59:55,3508,3336,3607,24.9,56
2026-03-08 01:14:56,3526,3327,3611,24.9,56
2026-03-08 01:29:57,3547,3335,3609,24.9,56
2026-03-08 01:44:57,3559,3341,3621,24.9,56
2026-03-08 01:59:58,3551,3339,3625,24.9,56
2026-03-08 02:14:58,3548,3345,3655,25.0,57
2026-03-08 02:29:59,3533,3359,3693,25.0,57
2026-03-08 02:45:00,3557,3341,3729,25.0,57
2026-03-08 03:00:01,3558,3337,3735,25.0,57
2026-03-08 03:15:01,3559,3336,3763,25.0,57
2026-03-08 03:30:03,3557,3328,3817,25.0,57
2026-03-08 03:45:03,3553,3339,3855,25.1,58
2026-03-08 04:00:04,3543,3347,3875,25.1,58
2026-03-08 04:15:04,3557,3339,3837,25.1,58
2026-03-08 04:30:05,3557,3348,3765,25.1,58
2026-03-08 04:45:05,3557,4095,3707,25.1,58
2026-03-08 05:00:07,3571,4095,3535,25.1,58
2026-03-08 05:15:10,3576,4095,3997,25.0,58
2026-03-08 05:30:12,3591,4095,3751,25.0,58
2026-03-08 05:45:13,3589,4095,3925,25.1,58
2026-03-08 06:00:13,3576,4095,3923,25.1,57
2026-03-08 06:15:14,3588,4095,3863,25.1,57
2026-03-08 06:30:15,3525,4095,3785,25.1,57
2026-03-08 06:45:15,3511,4095,3819,25.1,58
2026-03-08 07:00:16,3501,4095,3813,25.0,58
2026-03-08 07:15:16,3500,4095,3800,25.0,58
2026-03-08 07:30:17,3514,4095,3819,25.0,58
2026-03-08 07:45:18,3532,4095,3839,24.9,59
2026-03-08 08:00:19,3566,4095,3871,24.9,59
2026-03-08 08:15:19,3590,4095,3963,24.9,59
2026-03-08 08:30:20,3567,4095,3883,24.9,59
2026-03-08 08:45:21,3572,4095,3949,24.9,59
2026-03-08 09:00:22,3571,4095,3755,24.9,59
2026-03-08 09:15:23,3543,4095,3752,24.9,59
2026-03-08 09:30:24,3529,4095,3747,24.9,59
2026-03-08 09:45:24,3502,4095,3741,24.9,59
2026-03-08 10:00:25,3508,4095,3741,24.9,59
2026-03-08 10:15:25,3509,4095,3743,24.9,59
2026-03-08 10:30:26,3502,4095,3740,24.9,59
2026-03-08 10:45:27,3500,4095,3747,24.9,59
2026-03-08 11:00:27,3509,4095,3756,24.9,59
2026-03-08 11:15:28,3515,4095,3784,24.9,59
2026-03-08 11:30:28,3503,4095,3803,24.9,59
2026-03-08 11:45:29,3502,4095,3805,24.9,59
2026-03-08 12:00:29,3504,4095,3815,25.0,59
2026-03-08 12:15:30,3497,4095,3832,25.0,59
2026-03-08 12:30:30,3497,4095,3865,25.0,59
2026-03-08 12:45:32,3511,4095,3911,25.0,59
2026-03-08 13:00:32,3502,4095,3939,25.0,59
2026-03-08 13:28:51,3502,4095,3928,25.2,59
2026-03-08 13:43:52,3501,4095,3939,25.2,59
2026-03-08 13:58:54,3499,4095,3951,25.1,59
2026-03-08 14:13:54,2196,2432,2281,25.1,59
2026-03-08 14:31:04,3603,3981,3903,25.2,57
2026-03-08 14:46:05,3599,4095,3887,25.2,57
2026-03-08 15:01:07,3589,4095,3872,25.2,57
2026-03-08 15:16:08,3539,3902,3928,25.1,57
2026-03-08 15:31:08,3530,4095,3960,25.1,57
2026-03-08 15:46:09,3519,4095,3963,25.2,57
2026-03-08 16:01:09,3513,4095,3951,25.1,57
2026-03-08 16:16:10,3476,4095,3944,25.0,56
2026-03-08 16:31:10,3449,4095,3942,25.0,56
2026-03-08 16:46:11,3454,4095,3935,24.9,55
2026-03-08 17:01:12,3463,4095,3923,24.8,55
2026-03-08 17:16:13,3497,4095,3923,24.8,55
2026-03-08 17:31:14,3539,4095,3929,24.8,55
2026-03-08 17:46:15,3566,4095,3915,24.8,55
2026-03-08 18:01:16,3577,4095,3646,24.8,55
2026-03-08 18:16:17,3575,3913,3453,24.8,56
2026-03-08 18:31:19,3590,3867,3533,24.8,56
2026-03-08 18:46:19,3599,3725,3755,24.7,56
2026-03-08 19:01:20,3604,3629,3915,24.7,56
2026-03-08 19:16:21,3603,4095,3931,24.7,56
2026-03-08 19:31:21,3607,4095,3932,24.7,56
2026-03-08 19:46:22,3608,4095,3932,24.6,56
2026-03-08 20:01:23,3613,4095,3933,24.6,57
2026-03-08 20:16:23,3606,4095,3932,24.6,57
2026-03-08 20:31:24,3609,4095,3934,24.6,57
2026-03-08 20:46:25,3589,4095,3935,24.6,57
2026-03-08 21:01:26,3566,4095,3935,24.6,57
2026-03-08 21:16:26,3579,4095,3935,24.6,57
2026-03-08 21:31:27,3603,4095,3903,24.6,57
2026-03-08 21:46:28,3606,4095,3931,24.6,57
2026-03-08 22:01:28,3622,4095,3939,24.6,57
2026-03-08 22:16:29,3628,4095,3945,24.6,57
2026-03-08 22:31:29,3615,4095,3943,24.6,56
2026-03-08 22:46:30,3601,4095,3939,24.6,56
2026-03-08 23:01:31,3601,4095,3938,24.7,56
2026-03-08 23:16:31,3607,4095,3927,24.7,56
2026-03-08 23:31:32,3606,4095,3925,24.8,56
2026-03-08 23:46:32,3621,4095,3921,24.8,57
2026-03-09 00:01:32,3614,4095,3921,24.8,57
2026-03-09 00:16:32,3622,4095,3928,24.8,57
2026-03-09 00:31:33,3619,4095,3923,24.8,57
2026-03-09 00:46:34,3621,4095,3903,24.8,57
2026-03-09 01:01:34,3623,4095,3868,24.8,57
2026-03-09 01:16:35,3613,4095,3902,24.8,57
2026-03-09 01:31:37,3631,4095,3817,24.8,57
2026-03-09 01:46:37,3644,4095,3529,24.9,58
2026-03-09 02:01:38,3629,4095,3592,24.9,58
2026-03-09 02:16:39,3630,4095,3891,24.9,58
2026-03-09 02:31:41,3627,3727,3895,24.9,58
2026-03-09 02:46:41,3637,3871,3892,24.9,58
2026-03-09 03:01:42,3625,3951,3901,24.9,58
2026-03-09 03:16:42,3628,3673,3913,24.9,58
2026-03-09 03:31:43,3643,3855,3913,25.0,59
2026-03-09 03:46:44,3635,3869,3927,25.0,59
2026-03-09 04:01:44,3639,3769,3941,25.0,59
2026-03-09 04:16:45,3632,4089,3887,25.0,59
2026-03-09 04:31:45,3625,3305,3757,25.0,59
2026-03-09 04:46:45,3628,3373,3691,25.0,59
2026-03-09 05:01:46,3641,3493,3747,24.9,59
2026-03-09 05:16:48,3639,3340,3903,24.9,59
2026-03-09 05:31:48,3638,3245,3932,24.9,58
2026-03-09 05:46:49,3637,3245,3815,24.8,58
2026-03-09 06:01:50,3641,3364,3923,24.8,58
2026-03-09 06:16:50,3631,3611,3929,24.9,58
2026-03-09 06:31:50,3635,3699,3893,24.9,58
2026-03-09 06:46:51,3639,3688,3961,24.9,58
2026-03-09 07:01:51,3636,3877,3963,24.9,58
2026-03-09 07:16:52,3625,4095,3961,24.9,58
2026-03-09 07:31:52,3623,4095,3967,24.8,58
2026-03-09 07:46:53,3626,4095,3968,24.8,58
2026-03-09 08:01:54,3624,4095,3965,24.8,58
2026-03-09 08:16:55,3627,3819,3959,24.8,58
2026-03-09 08:31:56,3621,3644,3931,24.8,58
2026-03-09 08:46:56,3616,3631,3921,24.8,58
2026-03-09 09:01:57,3611,3899,3941,24.8,58
2026-03-09 09:16:58,3611,3909,3955,24.8,58
2026-03-09 09:31:58,3616,4095,3945,24.8,58
2026-03-09 09:46:59,3590,4095,3948,24.8,59
2026-03-09 10:02:00,3619,4095,3921,24.8,59
2026-03-09 10:17:00,3625,4095,3887,24.7,59
2026-03-09 10:32:01,3630,4095,3869,24.7,59
2026-03-09 10:47:01,3629,4095,3891,24.8,59
2026-03-09 11:02:02,3628,4095,3929,24.8,59
2026-03-09 11:17:03,3627,4095,3919,24.8,59
2026-03-09 11:32:04,3635,4095,3935,24.8,59
2026-03-09 11:47:04,3627,4095,3935,24.8,59
2026-03-09 12:02:05,3555,4095,3769,24.8,59
2026-03-09 12:17:06,3560,4095,3629,24.8,59
2026-03-09 12:32:07,3575,4095,3573,24.8,59
2026-03-09 12:47:08,3613,4095,3567,24.8,59
2026-03-09 13:02:09,3640,4095,3555,24.8,59
2026-03-09 13:17:10,3637,4095,3532,24.8,58
2026-03-09 13:32:12,3631,4095,3628,24.8,58
2026-03-09 13:47:13,3623,4095,3755,24.8,58
2026-03-09 14:02:14,3623,4095,3859,24.7,58
2026-03-09 14:17:17,3623,4095,3887,24.7,58
2026-03-09 14:32:18,3615,4095,3929,24.7,58
2026-03-09 14:47:21,3631,4095,3943,24.7,58
2026-03-09 15:02:22,3628,4095,3927,24.7,58
2026-03-09 15:17:25,3628,4095,3787,24.7,58
2026-03-09 15:32:26,3627,4095,3743,24.7,58
2026-03-09 15:47:27,3627,4089,3723,24.7,58
2026-03-09 16:02:28,3593,3883,3639,24.6,58
2026-03-09 16:17:29,3591,3567,3639,24.6,58
2026-03-09 16:32:30,3580,3643,3631,24.6,58
2026-03-09 16:47:30,3597,4095,3631,24.6,58
2026-03-09 17:02:31,3599,4095,3729,24.6,58
2026-03-09 17:17:32,3604,4095,3655,24.6,57
2026-03-09 17:32:34,3560,4095,3647,24.6,57
2026-03-09 17:47:37,3507,4095,3564,24.6,57
2026-03-09 18:02:38,3534,4095,3723,24.6,57
2026-03-09 18:17:39,3558,4095,3751,24.7,57
2026-03-09 18:32:41,3612,4095,3681,24.7,57
2026-03-09 18:47:42,3608,4095,3611,24.7,57
2026-03-09 19:02:43,3529,4095,3555,24.7,57
2026-03-09 19:17:46,3565,4095,3545,24.7,57
2026-03-09 19:32:47,3501,4095,3609,24.7,56
2026-03-09 19:47:50,3499,4095,3959,24.7,56
2026-03-09 20:02:52,3496,4095,3944,24.7,56
2026-03-09 20:17:52,3495,4095,3897,24.7,56
2026-03-09 20:32:53,3503,4095,3639,24.7,56
2026-03-09 20:47:54,3498,4095,3615,24.7,56
2026-03-09 21:02:55,3508,4095,3611,24.7,56
2026-03-09 21:17:55,3496,4095,3673,24.7,56
2026-03-09 21:32:56,3507,4095,4007,24.7,56
2026-03-09 21:47:56,3535,4095,3985,24.7,56
2026-03-09 22:02:57,3503,4095,4025,24.8,56
2026-03-09 22:17:58,3500,4095,3861,24.8,56
2026-03-09 22:32:59,3504,4095,3723,24.8,56
2026-03-09 22:48:01,3534,4095,3697,24.9,56
2026-03-09 23:03:01,3545,4095,3721,24.9,56
2026-03-09 23:18:02,3543,4095,3935,25.0,56
2026-03-09 23:33:03,3594,4095,3955,25.0,57
2026-03-09 23:48:03,3601,4095,3999,25.0,57
2026-03-10 00:03:04,3603,4095,4026,25.0,57
2026-03-10 00:18:04,3644,4095,3657,25.1,57
2026-03-10 00:33:05,3643,4095,3767,25.1,57
2026-03-10 00:48:05,3652,4095,3821,25.2,58
2026-03-10 01:03:06,3655,4095,3769,25.2,58
2026-03-10 01:18:07,3653,4095,3641,25.3,58
2026-03-10 01:33:07,3652,4095,3591,25.3,58
2026-03-10 01:48:08,3644,4085,3423,25.3,59
2026-03-10 02:03:08,3640,4023,3054,25.2,59
2026-03-10 02:18:09,3644,4095,3273,25.2,60
2026-03-10 02:33:10,3644,4095,3127,25.2,60
2026-03-10 02:48:10,3638,4095,3161,25.2,60
2026-03-10 03:03:11,3640,4095,2937,25.2,61
2026-03-10 03:18:11,3652,4095,2873,25.2,61
2026-03-10 03:33:12,3645,4095,2876,25.2,61
2026-03-10 03:48:15,3646,4095,2953,25.2,61
2026-03-10 04:03:15,3647,4095,3135,25.2,61
2026-03-10 04:18:16,3639,4095,3064,25.2,61
2026-03-10 04:33:16,3647,4095,2941,25.2,61
2026-03-10 04:48:18,3655,4095,2885,25.1,61
2026-03-10 05:03:18,3653,4095,2937,25.1,61
2026-03-10 05:18:19,3641,4095,2965,25.1,61
2026-03-10 05:33:19,3621,4095,2969,25.1,61
2026-03-10 05:48:20,3614,4095,2941,25.1,61
2026-03-10 06:03:21,3627,4095,2920,25.1,61
2026-03-10 06:18:22,3626,4095,2899,25.1,61
2026-03-10 06:33:23,3621,4095,2877,25.1,61
2026-03-10 06:48:23,3608,4095,2877,25.1,61
2026-03-10 07:03:23,3602,4095,2877,25.1,61
2026-03-10 07:18:25,3604,4095,2897,25.1,61
2026-03-10 07:33:25,3607,4095,2931,25.1,62
2026-03-10 07:48:25,3615,4095,2983,25.1,62
2026-03-10 08:03:26,3623,4095,3509,25.1,62
2026-03-10 08:18:26,3628,4095,3879,25.1,62
2026-03-10 08:33:27,3630,4095,3877,25.1,62
2026-03-10 08:48:28,3640,4095,3815,25.1,62
2026-03-10 09:03:29,3631,4095,3003,25.1,62
2026-03-10 09:18:34,3629,4095,2981,25.1,62
2026-03-10 09:33:35,3639,4095,2965,25.1,62
2026-03-10 09:48:36,3627,4095,2969,25.1,62
2026-03-10 10:03:36,3623,4095,3093,25.1,62
2026-03-10 10:18:37,3610,4095,3108,25.1,62
2026-03-10 10:33:37,3607,4095,3055,25.1,62
2026-03-10 10:48:38,3611,4095,3115,25.1,62
2026-03-10 11:03:38,3628,4095,3181,25.0,62
2026-03-10 11:18:39,3619,4095,3241,25.0,62
2026-03-10 11:33:40,3615,4095,3282,25.0,61
2026-03-10 11:48:40,3612,4095,3311,25.1,61
2026-03-10 12:03:41,3613,4095,3366,25.1,61
2026-03-10 12:18:42,3613,4095,3414,25.1,61
2026-03-10 12:33:43,3606,4095,3431,25.1,61
2026-03-10 12:48:43,3602,4095,3449,25.2,61
2026-03-10 13:03:45,3598,4095,3453,25.2,61
2026-03-10 13:18:46,3588,4095,3485,25.2,61
2026-03-10 13:33:50,3590,4095,3531,25.2,61
2026-03-10 13:48:52,3592,4095,3513,25.3,61
2026-03-10 14:03:56,3596,4095,3501,25.3,61
2026-03-10 14:18:57,3596,4095,3685,25.3,61
2026-03-10 14:33:59,3604,4095,3771,25.3,61
2026-03-10 14:49:02,3596,4095,3863,25.3,61
2026-03-10 15:04:03,3605,4095,3445,25.3,61
2026-03-10 15:19:04,3607,4095,3451,25.4,61
2026-03-10 15:34:04,3597,4095,3861,25.4,61
2026-03-10 15:49:05,3595,4095,3519,25.4,61
2026-03-10 16:04:06,3572,4095,3815,25.4,61
2026-03-10 16:19:06,3577,4095,3703,25.4,61
2026-03-10 16:34:07,3591,4095,3789,25.5,61
2026-03-10 16:49:08,3591,4095,3890,25.5,61
2026-03-10 17:04:09,3603,4095,3892,25.5,61
2026-03-10 17:19:10,3605,4095,3885,25.5,61
2026-03-10 17:34:11,3595,4095,3883,25.5,61
2026-03-10 17:49:12,3599,4095,3915,25.5,61
2026-03-10 18:04:13,3593,4095,3951,25.5,60
2026-03-10 18:19:13,3601,4095,3957,25.5,60
2026-03-10 18:34:14,3599,4095,3951,25.4,60
2026-03-10 18:49:15,3577,4095,3945,25.4,60
2026-03-10 19:04:15,3568,4095,3995,25.4,60
2026-03-10 19:19:16,3573,4095,4041,25.4,59
2026-03-10 19:34:19,3564,4095,4053,25.4,59
2026-03-10 19:49:20,3564,4095,4055,25.4,59
2026-03-10 20:04:22,3576,4095,4059,25.5,59
2026-03-10 20:19:23,3596,4095,4063,25.5,60
2026-03-10 20:34:25,3560,4095,4063,25.4,60
2026-03-10 20:49:25,3508,4095,4027,25.4,60
2026-03-10 21:04:26,3504,4095,3866,25.4,60
2026-03-10 21:19:27,3511,4095,3247,25.4,59
2026-03-10 21:49:44,3499,4095,3083,25.4,59
2026-03-10 22:04:44,3500,4095,3091,25.4,59
2026-03-10 22:19:46,3504,4095,3055,25.4,59
2026-03-10 22:34:47,3528,4095,3045,25.4,60
2026-03-10 22:49:47,3501,4095,3047,25.4,60
2026-03-10 23:04:48,3513,4095,3044,25.4,60
2026-03-10 23:19:48,3501,4095,3035,25.4,60
2026-03-10 23:34:49,3504,4095,3031,25.4,61
2026-03-10 23:49:50,3513,4095,3032,25.4,61
2026-03-11 00:04:50,3516,4095,3020,25.4,61
2026-03-11 00:19:51,3514,4095,3018,25.4,61
2026-03-11 00:34:52,3515,4095,3021,25.4,61
2026-03-11 00:49:53,3511,4095,3027,25.4,61
2026-03-11 01:04:54,3510,4095,3083,25.4,61
2026-03-11 01:19:55,3655,3252,3173,25.4,61
2026-03-11 01:34:55,3667,3683,3177,25.4,61
2026-03-11 01:49:56,3671,4095,3165,25.4,61
2026-03-11 02:04:58,3676,4095,3159,25.4,61
2026-03-11 02:19:59,3667,4095,3163,25.4,61
2026-03-11 02:35:00,3669,4095,3160,25.4,61
2026-03-11 02:50:01,3659,4095,3158,25.4,60
2026-03-11 03:05:03,3655,4095,3155,25.4,61
2026-03-11 03:20:04,3644,4095,3155,25.3,61
2026-03-11 03:35:04,3642,4095,3161,25.3,61
2026-03-11 03:50:06,3645,4095,3173,25.3,61
2026-03-11 04:05:06,3645,4095,3181,25.3,61
2026-03-11 04:20:07,3646,4095,3189,25.3,61
2026-03-11 04:35:08,3644,4095,3207,25.3,61
2026-03-11 04:50:08,3637,4095,3223,25.2,60
2026-03-11 05:05:09,3637,4095,3245,25.1,60
2026-03-11 05:20:10,3644,4095,3271,25.1,59
2026-03-11 05:35:11,3627,4095,3283,25.0,59
2026-03-11 05:50:12,3611,4095,3291,25.0,59
2026-03-11 06:05:13,3561,4095,3305,25.0,59
2026-03-11 06:20:13,3560,4095,3327,25.1,59
2026-03-11 06:35:14,3638,4095,3353,25.1,59
2026-03-11 06:50:15,3639,4095,3516,25.1,59
2026-03-11 07:05:15,3588,4095,3539,25.1,59
2026-03-11 07:20:16,3644,4095,3501,25.0,59
2026-03-11 07:35:17,3564,4095,3487,25.0,59
2026-03-11 07:50:18,3551,4095,3495,25.0,59
2026-03-11 08:05:19,3602,4095,3497,25.0,59
2026-03-11 08:20:20,3598,4095,3480,25.0,59
2026-03-11 08:35:22,3590,4095,3495,25.0,59
2026-03-11 08:50:22,3622,4095,3528,25.0,59
2026-03-11 09:05:22,3639,4095,3561,25.0,59
2026-03-11 09:20:23,3637,4095,3555,25.0,59
2026-03-11 09:35:24,3639,4095,3557,25.0,59
2026-03-11 09:50:24,3631,4095,3555,25.0,59
2026-03-11 10:05:25,3637,4095,3513,25.0,59
2026-03-11 10:20:26,3615,4095,3512,25.0,59
2026-03-11 10:35:26,3594,4095,3667,24.9,59
2026-03-11 10:50:27,3579,4095,3767,24.9,59
2026-03-11 11:05:28,3577,4095,3761,24.9,59
2026-03-11 11:20:28,3590,4095,3819,24.8,59
2026-03-11 11:35:29,3601,4095,3987,24.8,59
2026-03-11 11:50:30,3612,4095,4029,24.7,58
2026-03-11 12:05:31,3618,4095,4037,24.7,58
2026-03-11 12:20:32,3595,4095,4031,24.7,58
2026-03-11 12:35:33,3601,4095,4005,24.7,58
2026-03-11 12:50:35,3603,4095,3859,24.7,58
2026-03-11 13:05:36,3683,4095,3813,24.6,57
2026-03-11 13:20:37,3641,4095,3827,24.6,57
2026-03-11 13:35:38,3640,4095,3917,24.6,57
2026-03-11 13:50:39,3635,4095,3965,24.6,57
2026-03-11 14:05:42,3630,4095,3989,24.6,56
2026-03-11 14:20:45,3644,4095,3987,24.6,56
2026-03-11 14:35:46,3630,4095,3994,24.6,56
2026-03-11 14:50:48,3614,4095,4019,24.6,56
2026-03-11 15:05:50,3608,4095,4043,24.6,56
2026-03-11 15:20:52,3593,4095,4027,24.6,56
2026-03-11 15:35:54,3575,4095,4019,24.6,56
2026-03-11 15:50:56,3597,4095,3996,24.6,56
2026-03-11 16:05:56,3612,4095,3994,24.6,55
2026-03-11 16:20:58,3611,4095,4005,24.5,55
2026-03-11 16:35:59,3609,4095,4007,24.5,54
2026-03-11 16:51:00,3599,4095,3977,24.5,54
2026-03-11 17:06:00,3604,4095,3977,24.5,54
2026-03-11 17:21:00,3594,4095,3987,24.5,54
2026-03-11 17:36:01,3620,4095,3991,24.6,54
2026-03-11 17:51:02,3619,4095,3995,24.6,54
2026-03-11 18:06:04,3619,4095,3991,24.7,54
2026-03-11 18:21:04,3628,4095,3989,24.7,54
2026-03-11 18:36:06,3627,4095,3977,24.7,54
2026-03-11 18:51:08,3629,4095,3979,24.7,55
2026-03-11 19:06:10,3637,4095,3977,24.7,55
2026-03-11 19:21:11,3629,4095,3981,24.8,55
2026-03-11 19:36:12,3622,4095,3983,24.8,55
2026-03-11 19:51:13,3614,4095,3976,24.8,55
2026-03-11 20:06:14,3625,4095,3975,24.8,55
2026-03-11 20:21:15,3621,4095,3963,24.8,55
2026-03-11 20:36:16,3625,4095,3956,24.7,55
2026-03-11 20:51:17,3604,4095,3956,24.7,55
2026-03-11 21:06:18,3601,4095,3957,24.6,55
2026-03-11 21:21:19,3598,4095,3957,24.5,54
2026-03-11 21:36:21,3614,4095,3951,24.5,54
2026-03-11 21:51:22,3629,4095,3957,24.5,54
2026-03-11 22:06:22,3637,4095,3959,24.5,54
2026-03-11 22:21:23,3671,4095,3967,24.5,54
2026-03-11 22:36:24,3676,4095,3996,24.5,54
2026-03-11 22:51:25,3662,4095,4021,24.5,55
2026-03-11 23:06:25,3675,4095,4044,24.6,55
2026-03-11 23:21:26,3672,4095,4052,24.6,55
2026-03-11 23:36:26,3666,4095,4042,24.6,55
2026-03-11 23:51:26,3662,4095,3973,24.6,55
2026-03-12 00:06:27,3671,4095,3870,24.6,55
2026-03-12 00:21:30,3667,4095,3773,24.6,55
2026-03-12 00:36:31,3677,4095,3727,24.6,55
2026-03-12 00:51:32,3683,4095,3703,24.6,56
2026-03-12 01:06:32,3685,4095,3669,24.6,56
2026-03-12 01:21:33,3693,4095,3857,24.6,56
2026-03-12 01:36:33,3685,4095,3875,24.7,56
2026-03-12 01:51:34,3699,4095,3836,24.7,56
2026-03-12 02:06:34,3694,4095,3927,24.7,56
2026-03-12 02:21:34,3692,4095,3935,24.7,57
2026-03-12 02:36:35,3700,4095,3921,24.7,57
2026-03-12 02:51:36,3690,4095,3864,24.7,57
2026-03-12 03:06:36,3684,4095,3799,24.7,57
2026-03-12 03:21:37,3671,4095,3855,24.7,57
2026-03-12 03:36:38,3661,4095,3963,24.6,57
2026-03-12 03:51:39,3659,4095,4041,24.6,57
2026-03-12 04:06:39,3658,4095,4095,24.6,57
2026-03-12 04:21:40,3655,4095,4095,24.6,57
2026-03-12 04:36:41,3656,4095,4095,24.6,57
2026-03-12 04:51:41,3642,4095,4095,24.5,57
2026-03-12 05:06:42,3641,4095,4039,24.5,57
2026-03-12 05:21:43,3645,4095,4045,24.4,57
2026-03-12 05:36:43,3623,4095,4022,24.4,56
2026-03-12 05:51:44,3631,4095,4019,24.4,56
2026-03-12 06:06:45,3647,4095,4013,24.4,56
2026-03-12 06:21:45,3652,4095,4015,24.5,56
2026-03-12 06:36:48,3637,4095,4015,24.5,56
2026-03-12 06:51:49,3645,4095,4011,24.5,56
2026-03-12 07:06:50,3635,4095,4009,24.5,56
2026-03-12 07:21:51,3630,4095,4000,24.4,57
2026-03-12 07:36:51,3640,4095,3995,24.4,57
2026-03-12 07:51:52,3643,4095,3989,24.4,57
2026-03-12 08:06:53,3639,4079,3979,24.4,57
2026-03-12 08:21:53,3626,4053,3981,24.3,57
2026-03-12 08:36:54,3624,4045,4019,24.3,57
2026-03-12 08:51:57,3624,4059,4021,24.3,57
2026-03-12 09:06:58,3615,4095,4009,24.3,57
2026-03-12 09:21:59,3616,4095,3989,24.2,57
2026-03-12 09:36:59,3615,4095,3999,24.2,57
2026-03-12 09:52:01,3620,4095,4021,24.2,57
2026-03-12 10:07:02,3619,4095,4025,24.2,57
2026-03-12 10:22:06,3613,4095,4021,24.2,57
2026-03-12 10:37:07,3621,4095,4025,24.2,57
2026-03-12 10:52:09,3631,4095,4003,24.2,57
2026-03-12 11:07:09,3651,4095,3999,24.1,56
2026-03-12 11:22:10,3660,4095,4005,24.1,56
2026-03-12 11:37:11,3660,4095,4004,24.1,56
2026-03-12 11:52:11,3643,4095,3979,24.1,56
2026-03-12 12:07:12,3646,4095,3996,24.0,56
2026-03-12 12:22:13,3647,4095,4015,24.0,56
2026-03-12 12:37:15,3637,4095,3993,24.0,56
2026-03-12 12:52:16,3644,4095,4009,23.9,56
2026-03-12 13:07:16,3653,4095,4019,23.9,56
2026-03-12 13:22:18,3647,4095,3999,23.9,56
2026-03-12 13:37:21,3622,4095,4013,23.9,56
2026-03-12 13:52:22,3630,4095,4024,23.8,55
2026-03-12 14:07:23,3618,4095,4005,23.8,55
2026-03-12 14:22:26,3625,4095,3973,23.7,55
2026-03-12 14:37:28,3621,4095,3965,23.7,55
2026-03-12 14:52:29,3620,4095,3963,23.6,55
2026-03-12 15:07:31,3614,4095,3967,23.6,55
2026-03-12 15:22:31,3612,4095,3975,23.6,55
2026-03-12 15:37:37,3662,4095,3949,23.5,55
2026-03-12 15:52:38,3611,4095,3901,23.5,55
2026-03-12 16:07:41,3614,4095,3913,23.4,55
2026-03-12 16:22:42,3613,4095,3918,23.4,55
2026-03-12 16:37:42,3624,4095,3916,23.4,55
2026-03-12 16:52:44,3606,4095,3903,23.3,55
2026-03-12 17:07:44,3606,4095,3912,23.3,55
2026-03-12 17:22:45,3609,4095,3914,23.3,55
2026-03-12 17:37:48,3613,4095,3915,23.2,55
2026-03-12 17:52:49,3621,4095,3916,23.2,55
2026-03-12 18:07:51,3615,4095,3921,23.2,55
2026-03-12 18:22:52,3602,4095,3923,23.2,55
2026-03-12 18:37:53,3596,4095,3887,23.2,55
2026-03-12 18:52:54,3594,4095,3892,23.2,55
2026-03-12 19:07:55,3578,4095,3893,23.2,54
2026-03-12 19:22:56,3574,4095,3867,23.2,54
2026-03-12 19:37:57,3580,4095,3838,23.2,54
2026-03-12 19:52:59,3575,4095,3820,23.1,54
2026-03-12 20:08:01,3577,4095,3804,23.1,54
2026-03-12 20:23:02,3567,4095,3802,23.1,54
2026-03-12 20:38:03,3566,4095,3807,23.1,55
2026-03-12 20:53:04,3571,4095,3805,23.1,54
2026-03-12 21:08:05,3559,4095,3803,23.1,55
2026-03-12 21:23:06,3549,4095,3807,23.1,54
2026-03-12 21:38:07,3547,4095,3832,23.1,54
2026-03-12 21:53:07,3548,4095,3833,23.1,54
2026-03-12 22:08:10,3546,4095,3839,23.2,54
2026-03-12 22:23:11,3561,4095,3833,23.2,55
2026-03-12 22:38:12,3560,4095,3820,23.2,55
2026-03-12 22:53:13,3578,4095,3831,23.2,54
2026-03-12 23:08:13,3558,4095,3833,23.1,54
2026-03-12 23:23:15,3555,4095,3813,23.1,54
2026-03-12 23:38:16,3550,4095,3783,23.0,54
2026-03-12 23:53:17,3560,4095,3757,23.0,54
2026-03-13 00:08:18,3550,4095,3730,23.0,54
2026-03-13 00:23:21,3548,4095,3709,23.0,54
2026-03-13 00:38:22,3540,4095,3694,22.9,55
2026-03-13 00:53:24,3531,4095,3683,22.9,55
2026-03-13 01:08:25,3528,4095,3679,23.0,55
2026-03-13 01:23:25,3532,4095,3685,23.0,55
2026-03-13 01:38:26,3519,4095,3691,23.0,55
2026-03-13 01:53:27,3533,4095,3689,23.0,55
2026-03-13 02:08:28,3540,4095,3701,23.0,55
2026-03-13 02:23:28,3535,4095,3700,23.0,55
2026-03-13 02:38:29,3544,4095,3669,23.0,55
2026-03-13 02:53:30,3548,4095,3659,23.0,55
2026-03-13 03:08:30,3556,4095,3636,23.0,55
2026-03-13 03:23:32,3579,4095,3646,23.0,56
2026-03-13 03:38:32,3574,4095,3676,23.0,56
2026-03-13 03:53:32,3564,4095,3671,23.0,56
2026-03-13 04:08:33,3575,4095,3673,23.1,56
2026-03-13 04:23:33,3563,4095,3679,23.1,56
2026-03-13 04:38:35,3563,4095,3739,23.1,57
2026-03-13 04:53:35,3551,4095,3737,23.1,57
2026-03-13 05:08:36,3555,4095,3749,23.2,57
2026-03-13 05:23:37,3541,4095,3719,23.2,57
2026-03-13 05:38:37,3530,4095,3751,23.2,57
2026-03-13 05:53:38,3533,4095,3757,23.2,58
2026-03-13 06:08:39,3533,4095,3753,23.2,58
2026-03-13 06:23:39,3524,4095,3743,23.3,58
2026-03-13 06:38:40,3515,4095,3719,23.3,58
2026-03-13 06:53:40,3519,4085,3705,23.3,58
2026-03-13 07:08:40,3529,4087,3672,23.3,58
2026-03-13 07:23:41,3525,4095,3631,23.3,58
2026-03-13 07:38:43,3531,4095,3603,23.3,58
2026-03-13 07:53:43,3539,4093,3577,23.3,58
2026-03-13 08:08:44,3531,4083,3975,23.3,58
2026-03-13 08:23:44,3544,4089,3988,23.3,58
2026-03-13 08:38:45,3547,4083,3991,23.3,58
2026-03-13 08:53:45,3540,4079,3993,23.3,58
2026-03-13 09:08:46,3549,4075,3995,23.3,58
2026-03-13 09:23:46,3545,4095,3991,23.3,58
2026-03-13 09:38:47,3551,4077,3981,23.3,58
2026-03-13 09:53:48,3556,4077,3979,23.4,58
2026-03-13 10:08:50,3545,4079,3976,23.4,58
2026-03-13 10:23:50,3559,4093,3977,23.4,58
2026-03-13 10:38:51,3560,4095,3975,23.4,58
2026-03-13 10:53:52,3557,4095,3968,23.4,58
2026-03-13 11:08:52,3564,4095,3973,23.4,58
2026-03-13 11:23:53,3559,4095,3975,23.4,58
2026-03-13 11:38:53,3577,4095,3975,23.4,58
2026-03-13 11:53:54,3589,4095,3955,23.4,58
2026-03-13 12:08:54,3601,4095,3964,23.3,58
2026-03-13 12:23:57,3612,4095,3963,23.3,57
2026-03-13 12:39:00,3608,4095,3967,23.2,57
2026-03-13 12:54:00,3620,4095,3975,23.2,57
2026-03-13 13:09:03,3641,4095,3966,23.2,57
2026-03-13 13:24:07,3627,4095,3961,23.1,57
2026-03-13 13:39:10,3623,4095,3981,23.1,57
2026-03-13 13:54:10,3629,4095,3976,23.1,57
2026-03-13 14:09:11,3621,4095,3977,23.1,57
2026-03-13 14:24:12,3616,4095,3963,23.1,57
2026-03-13 14:39:12,3611,4095,3965,23.1,57
2026-03-13 14:54:13,3602,4095,3976,23.1,57
2026-03-13 15:09:15,3580,4095,3967,23.1,56
2026-03-13 15:24:16,3564,4095,3959,23.1,56
2026-03-13 15:39:17,3567,4095,3977,23.1,56
2026-03-13 15:54:17,3548,4095,3967,23.1,56
2026-03-13 16:09:17,3547,4095,3967,23.1,56
2026-03-13 16:24:19,3543,4095,3963,23.1,56
2026-03-13 16:39:20,3540,4095,3959,23.1,56
2026-03-13 16:54:21,3533,4095,3951,23.1,56
2026-03-13 17:09:22,3528,4095,3963,23.0,56
2026-03-13 17:24:23,3530,4095,3983,23.0,56
2026-03-13 17:39:24,3534,4095,3985,23.0,56
2026-03-13 17:54:25,3548,4095,3979,23.0,56
2026-03-13 18:09:25,3559,4095,3987,23.0,56
2026-03-13 18:24:26,3566,4095,3987,23.0,56
2026-03-13 18:39:26,3578,4095,3987,22.9,56
2026-03-13 18:54:26,3594,4095,3987,22.9,56
2026-03-13 19:09:28,3580,4095,3987,22.9,56
2026-03-13 19:24:28,3596,4095,3982,22.9,56
2026-03-13 19:39:29,3579,4095,3987,22.8,56
2026-03-13 19:54:31,3577,4095,3987,22.8,56
2026-03-13 20:09:33,3561,4095,3991,22.8,56
2026-03-13 20:24:36,3548,4095,3995,22.8,56
2026-03-13 20:39:36,3509,4095,3994,22.8,56
2026-03-13 20:54:37,3529,4095,3993,22.8,56
2026-03-13 21:09:38,3528,4095,3993,22.8,56
2026-03-13 21:24:38,3550,4095,3989,22.8,56
2026-03-13 21:39:39,3565,4095,3993,22.7,55
2026-03-13 21:54:40,3572,4095,3992,22.7,55
2026-03-13 22:09:40,3592,4095,3991,22.7,55
2026-03-13 22:24:41,3606,4063,3993,22.7,55
2026-03-13 22:39:41,3609,4087,3989,22.7,55
2026-03-13 22:54:42,3612,4083,3991,22.7,55
2026-03-13 23:09:46,3610,4083,3985,22.7,55
2026-03-13 23:24:46,3605,4082,3987,22.7,56
2026-03-13 23:39:47,3609,4072,3977,22.7,56
2026-03-13 23:54:48,3603,4063,3975,22.7,56
2026-03-14 00:09:49,3599,4061,3973,22.7,56
2026-03-14 00:24:50,3596,4067,3977,22.7,56
2026-03-14 00:39:50,3594,4055,3975,22.7,56
2026-03-14 00:54:51,3602,4055,3979,22.7,56
2026-03-14 01:09:51,3601,4059,3981,22.7,56
2026-03-14 01:24:51,3602,4051,3981,22.7,56
2026-03-14 01:39:52,3603,4043,3979,22.8,56
2026-03-14 01:54:53,3601,4043,3979,22.8,56
2026-03-14 02:09:54,3605,4041,3977,22.8,57
2026-03-14 02:24:54,3606,4051,3979,22.8,57
2026-03-14 02:39:55,3605,4051,3977,22.8,57
2026-03-14 02:54:55,3602,4059,3979,22.8,57
2026-03-14 03:09:55,3610,4057,3975,22.8,57
2026-03-14 03:24:56,3618,4063,3977,22.8,57
2026-03-14 03:39:57,3607,4066,3965,22.8,57
2026-03-14 03:54:58,3620,4063,3967,22.8,57
2026-03-14 04:09:58,3607,4067,3975,22.8,57
2026-03-14 04:24:59,3615,4063,3963,22.8,57
2026-03-14 04:40:00,3605,4055,3967,22.8,57
2026-03-14 04:55:00,3606,4043,3977,22.8,57
2026-03-14 05:10:01,3606,4037,3968,22.8,56
2026-03-14 05:25:02,3592,4037,3967,22.8,56
2026-03-14 05:40:03,3599,4025,3974,22.7,56
2026-03-14 05:55:04,3608,4041,3987,22.7,56
2026-03-14 06:10:06,3593,4025,3987,22.7,56
2026-03-14 06:25:07,3602,4039,3992,22.7,56
2026-03-14 06:40:08,3590,4015,3989,22.6,56
2026-03-14 06:55:09,3595,4041,3981,22.6,56
2026-03-14 07:10:09,3601,4031,3979,22.5,56
2026-03-14 07:25:10,3596,4029,3978,22.4,56
2026-03-14 07:40:10,3594,4045,3979,22.3,56
2026-03-14 07:55:11,3593,4027,3979,22.3,57
2026-03-14 08:10:11,3579,4015,3965,22.2,57
2026-03-14 08:25:12,3580,4023,3963,22.2,57
2026-03-14 08:40:13,3589,4019,3963,22.1,57
2026-03-14 08:55:16,3592,4015,3974,22.1,57
2026-03-14 09:10:16,3594,4023,3958,22.0,57
2026-03-14 09:25:17,3589,4009,3960,21.9,57
2026-03-14 09:40:18,3599,4011,3963,21.9,57
2026-03-14 09:55:18,3597,4011,3963,21.8,57
2026-03-14 10:10:19,3608,4011,3963,21.8,57
2026-03-14 10:25:19,3607,4007,3961,21.8,57
2026-03-14 10:40:20,3604,3995,3956,21.7,57
2026-03-14 10:55:21,3596,3991,3950,21.7,57
2026-03-14 11:10:22,3609,3995,3957,21.7,57
2026-03-14 11:25:25,3601,3999,3945,21.7,57
2026-03-14 11:40:26,3603,4000,3945,21.7,57
2026-03-14 11:55:27,3603,3997,3945,21.7,57
2026-03-14 12:10:28,3602,4009,3943,21.7,57
2026-03-14 12:25:29,3605,4007,3943,21.8,57
2026-03-14 12:40:30,3615,4011,3945,21.9,57
2026-03-14 12:55:30,3605,4005,3957,21.9,57
2026-03-14 13:10:30,3606,4005,3955,22.0,57
2026-03-14 13:25:31,3615,3998,3959,22.1,57
2026-03-14 13:40:32,3596,4007,3957,22.1,57
2026-03-14 13:55:33,3595,4005,3957,22.2,57
2026-03-14 14:10:33,3592,3946,3955,22.2,57
2026-03-14 14:25:34,3589,3946,3959,22.2,57
2026-03-14 14:40:35,3597,3927,3947,22.2,57
2026-03-14 14:55:36,3591,3928,3949,22.3,57
2026-03-14 15:10:36,3589,3943,3951,22.3,57
2026-03-14 15:25:36,3594,3939,3963,22.3,57
2026-03-14 15:40:37,3579,3943,3966,22.4,57
2026-03-14 15:55:38,3579,3924,3951,22.4,57
2026-03-14 16:10:39,3571,3949,3945,22.5,57
2026-03-14 16:25:39,3578,3933,3949,22.6,57
2026-03-14 16:40:41,3576,3931,3943,22.6,57
2026-03-14 16:55:42,3580,3918,3943,22.6,57
2026-03-14 17:10:43,3593,3897,3956,22.6,56
2026-03-14 17:25:44,3590,3887,3966,22.6,56
2026-03-14 17:40:45,3595,3885,3963,22.7,56
2026-03-14 17:55:45,3611,3887,3967,22.8,56
2026-03-14 18:10:47,3606,3875,3979,22.8,56
2026-03-14 18:25:50,3604,3876,3979,22.8,56
2026-03-14 18:40:52,3603,3875,3987,22.8,56
2026-03-14 18:55:52,3599,3869,3982,22.8,56
2026-03-14 19:10:53,3597,3867,3993,22.8,55
2026-03-14 19:25:54,3602,3869,3995,22.8,55
2026-03-14 19:40:55,3599,3848,3999,22.8,55
2026-03-14 19:55:55,3591,3848,3995,22.8,55
2026-03-14 20:10:56,3577,3847,3997,22.8,55
2026-03-14 20:25:57,3594,3859,3976,22.9,55
2026-03-14 20:40:59,3605,3860,3973,22.9,55
2026-03-14 20:56:00,3606,3865,3967,22.9,55
2026-03-14 21:11:00,3597,3859,3965,22.9,55
2026-03-14 21:26:01,3604,3849,3968,22.9,55
2026-03-14 21:41:02,3607,3913,3961,22.9,55
2026-03-14 21:56:02,3608,3909,3967,23.0,55
2026-03-14 22:11:03,3596,3917,3996,23.0,55
2026-03-14 22:26:03,3597,3918,3997,23.0,55
2026-03-14 22:41:03,3606,3903,4007,23.0,55
2026-03-14 22:56:04,3605,3915,4015,23.1,55
2026-03-14 23:11:04,3597,3934,4023,23.1,55
2026-03-14 23:26:04,3592,3927,4019,23.2,55
2026-03-14 23:41:05,3604,3929,4022,23.2,55
2026-03-14 23:56:05,3603,3927,4023,23.2,55
2026-03-15 00:11:06,3599,3925,4021,23.2,55
2026-03-15 00:26:06,3592,3923,4021,23.3,55
2026-03-15 00:41:08,3595,3883,4019,23.3,56
2026-03-15 00:56:08,3576,3863,4020,23.3,56
2026-03-15 01:11:09,3589,3863,4027,23.3,56
2026-03-15 01:26:10,3577,3853,4027,23.4,56
2026-03-15 01:41:10,3591,3833,4027,23.4,56
2026-03-15 01:56:10,3580,3829,4029,23.4,56
2026-03-15 02:11:12,3658,3499,4023,23.4,56
2026-03-15 02:26:13,3596,3383,4023,23.4,56
2026-03-15 02:41:14,3606,3387,4028,23.4,57
2026-03-15 02:56:16,3603,3386,4027,23.4,57
2026-03-15 03:11:17,3599,3389,4027,23.4,57
2026-03-15 03:26:17,3601,3390,4025,23.4,57
2026-03-15 03:41:18,3604,3400,4031,23.4,57
2026-03-15 03:56:18,3607,3385,4027,23.4,57
2026-03-15 04:11:19,3603,3397,4024,23.4,57
2026-03-15 04:26:19,3611,3379,4024,23.4,57
2026-03-15 04:41:20,3619,3381,4019,23.4,57
2026-03-15 04:56:20,3611,3383,4020,23.3,57
2026-03-15 05:11:21,3615,3383,4015,23.3,56
2026-03-15 05:26:21,3603,3384,4012,23.3,56
2026-03-15 05:41:22,3607,3385,4009,23.3,56
2026-03-15 05:56:22,3603,3385,4007,23.3,56
2026-03-15 06:11:24,3605,3387,4005,23.3,56
2026-03-15 06:26:25,3603,3389,3995,23.3,56
2026-03-15 06:41:25,3601,3403,3999,23.2,56
2026-03-15 06:56:26,3597,3416,3993,23.2,56
2026-03-15 07:11:26,3599,3411,4003,23.2,56
2026-03-15 07:26:27,3606,3407,3999,23.2,56
2026-03-15 07:41:28,3602,3412,3997,23.2,56
2026-03-15 07:56:30,3597,3421,3997,23.2,56
2026-03-15 08:11:31,3588,3518,3995,23.2,56
2026-03-15 08:26:32,3609,3405,3991,23.2,56
2026-03-15 08:41:33,3603,3413,3980,23.3,56
2026-03-15 08:56:33,3592,3412,3979,23.3,56
2026-03-15 09:11:34,3592,3416,3980,23.3,56
2026-03-15 09:26:37,3590,3437,3967,23.3,56
2026-03-15 09:41:37,3596,3445,3968,23.3,56
2026-03-15 09:56:40,3576,3435,3965,23.3,56
2026-03-15 10:11:41,3567,3435,3962,23.3,57
2026-03-15 10:26:42,3578,3435,3959,23.3,57
2026-03-15 10:41:43,3573,3436,3961,23.3,57
2026-03-15 10:56:43,3568,3435,3973,23.4,57
2026-03-15 11:11:45,3564,3435,3963,23.4,57
2026-03-15 11:26:45,3567,3433,3987,23.4,57
2026-03-15 11:41:46,3596,3431,3997,23.4,57
2026-03-15 11:56:47,3609,3433,4008,23.5,57
2026-03-15 12:11:48,3597,3436,4019,23.5,57
2026-03-15 12:26:49,3590,3439,4019,23.5,56
2026-03-15 12:41:50,3599,3444,4013,23.5,56
2026-03-15 12:56:51,3589,3437,4011,23.5,56
2026-03-15 13:11:52,3581,3437,4008,23.5,56
2026-03-15 13:26:52,3592,3450,4012,23.6,56
2026-03-15 13:41:53,3576,3858,4009,23.6,56
2026-03-15 13:56:54,3573,4095,4009,23.6,56
2026-03-15 14:11:55,3565,4095,4011,23.6,55
2026-03-15 14:26:56,3571,3903,4008,23.6,55
2026-03-15 14:41:58,3564,3643,4009,23.6,55
2026-03-15 14:56:58,3578,4095,4011,23.6,55
2026-03-15 15:11:59,3575,4094,4011,23.6,55
2026-03-15 15:27:00,3572,4095,4008,23.6,55
2026-03-15 15:42:00,3577,4095,4008,23.6,55
2026-03-15 15:57:01,3555,3341,3983,23.7,55
2026-03-15 16:12:01,3567,4095,3983,23.7,55
2026-03-15 16:27:03,3563,4095,3992,23.7,55
2026-03-15 16:42:04,3565,4095,3993,23.8,55
2026-03-15 16:57:05,3575,4095,3995,23.8,55
2026-03-15 17:12:06,3566,4095,3997,23.8,55
2026-03-15 17:27:06,3564,4095,4003,23.8,55
2026-03-15 17:42:08,3555,4095,4007,23.8,55
2026-03-15 17:57:08,3546,4095,3996,23.8,55
2026-03-15 18:12:09,3548,4095,3998,23.8,56
2026-03-15 18:27:10,3539,4095,3998,23.8,56
2026-03-15 18:42:10,3544,4095,4003,23.8,56
2026-03-15 18:57:11,3538,4095,3999,23.8,56
2026-03-15 19:12:12,3539,4095,4004,23.8,56
2026-03-15 19:27:15,3540,4095,3995,23.8,56
2026-03-15 19:42:16,3529,4095,4000,23.8,56
2026-03-15 19:57:16,3519,4095,3999,23.7,56
2026-03-15 20:12:17,3525,4095,3997,23.7,56
2026-03-15 20:27:18,3519,4095,3997,23.7,56
2026-03-15 20:42:19,3559,4095,3999,23.7,56
2026-03-15 20:57:19,3567,4095,3997,23.7,56
2026-03-15 21:12:20,3589,4095,3998,23.7,56
2026-03-15 21:27:21,3590,4095,4004,23.6,56
2026-03-15 21:42:22,3603,4095,4011,23.6,56
2026-03-15 21:57:22,3588,4095,4015,23.6,56
2026-03-15 22:12:23,3578,4095,4027,23.6,56
2026-03-15 22:27:23,3580,4095,4023,23.6,56
2026-03-15 22:42:24,3575,4095,4029,23.7,57
2026-03-15 22:57:25,3555,4095,4040,23.7,57
2026-03-15 23:12:26,3550,4095,4039,23.7,57
2026-03-15 23:27:26,3533,4095,4023,23.7,57
2026-03-15 23:42:26,3535,4075,4023,23.7,57
2026-03-15 23:57:28,3543,4087,4015,23.6,57
2026-03-16 00:12:28,3545,4083,4011,23.6,57
2026-03-16 00:27:29,3557,4091,4013,23.6,57
2026-03-16 00:42:30,3557,4095,4009,23.6,58
2026-03-16 00:57:31,3563,4095,4022,23.6,58
2026-03-16 01:12:31,3572,4095,4011,23.6,58
2026-03-16 01:27:33,3561,4095,4015,23.6,58
2026-03-16 01:42:34,3575,4095,4013,23.6,58
2026-03-16 01:57:34,3568,4095,4009,23.6,58
2026-03-16 02:12:36,3581,4095,4011,23.6,59
2026-03-16 02:27:36,3575,4095,4021,23.5,59
2026-03-16 02:42:37,3530,4095,4011,23.5,59
2026-03-16 02:57:38,3541,4095,4013,23.5,59
2026-03-16 03:12:39,3540,4095,4013,23.4,59
2026-03-16 03:27:39,3577,4095,4015,23.4,59
2026-03-16 03:42:40,3596,4095,4005,23.4,59
2026-03-16 03:57:42,3624,3923,4003,23.3,59
2026-03-16 04:12:43,3545,3895,4003,23.3,59
2026-03-16 04:27:44,3556,3885,4007,23.3,59
2026-03-16 04:42:44,3557,3877,4000,23.2,59
2026-03-16 04:57:45,3574,3887,3999,23.2,59
2026-03-16 05:12:46,3577,3875,3999,23.1,59
2026-03-16 05:27:46,3563,3872,4023,23.0,58
2026-03-16 05:42:47,3563,3871,4021,23.0,58
2026-03-16 05:57:48,3540,3863,4019,23.0,58
2026-03-16 06:12:49,3535,3864,4019,23.0,58
2026-03-16 06:27:49,3531,3837,4025,23.0,58
2026-03-16 06:42:50,3539,3835,4015,23.0,58
2026-03-16 06:57:51,3534,3837,4023,23.0,58
2026-03-16 07:12:52,3546,3855,4019,23.0,58
2026-03-16 07:27:54,3536,3847,4009,23.0,58
2026-03-16 07:42:55,3533,3815,4004,22.9,58
2026-03-16 07:57:56,3513,3803,3996,22.9,58
2026-03-16 08:12:57,3517,3790,3993,22.9,58
2026-03-16 08:27:58,3516,3783,3993,22.9,58
2026-03-16 08:42:59,3551,3771,3989,22.9,58
2026-03-16 08:57:59,3508,4095,3991,22.9,58
2026-03-16 09:13:00,3508,4053,3996,22.9,58
2026-03-16 09:28:01,3529,4088,3999,22.9,58
2026-03-16 09:43:01,3529,4095,3999,22.9,58
2026-03-16 09:58:02,3525,4095,4003,22.9,58
2026-03-16 10:13:04,3525,4095,4000,22.9,58
2026-03-16 10:28:04,3544,3963,4005,22.9,58
2026-03-16 10:43:05,3542,4059,3995,22.9,58
2026-03-16 10:58:06,3549,4095,3999,22.9,58
2026-03-16 11:13:06,3556,3705,3992,22.9,58
2026-03-16 11:28:07,3546,3707,3983,22.9,58
2026-03-16 11:43:07,3547,3695,4015,22.9,58
2026-03-16 11:58:08,3538,3691,3985,23.0,57
2026-03-16 12:13:10,3549,3683,3981,23.0,57
2026-03-16 12:28:11,3541,3689,3977,23.0,57
2026-03-16 12:43:12,3524,3689,3981,23.0,57
2026-03-16 12:58:12,3516,3684,3983,23.1,57
2026-03-16 13:13:13,3528,3683,3979,23.1,57
2026-03-16 13:28:15,3512,3677,3977,23.1,57
2026-03-16 13:43:17,3516,3675,3981,23.1,57
2026-03-16 13:58:18,3516,3666,3987,23.1,57
2026-03-16 14:13:20,3534,3663,3998,23.1,57
2026-03-16 14:28:21,3518,3665,3991,23.1,57
2026-03-16 14:43:22,3532,3656,3988,23.1,57
2026-03-16 14:58:24,3540,3651,3991,23.1,57
2026-03-16 15:13:25,3548,3653,3995,23.1,57
2026-03-16 15:28:31,3547,3655,3998,23.1,57
2026-03-16 15:43:34,3539,3635,4005,23.1,57
2026-03-16 15:58:36,3544,3621,4009,23.1,57
2026-03-16 16:13:39,3540,3597,4019,23.2,57
2026-03-16 16:28:42,3541,3580,4019,23.2,57
2026-03-16 16:43:43,3527,3566,4019,23.1,57
2026-03-16 16:58:44,3530,3571,4015,23.1,57
2026-03-16 17:13:46,3525,3565,4021,23.1,57
2026-03-16 17:28:48,3516,3560,4020,23.1,57
2026-03-16 17:43:49,3526,3559,4013,23.1,57
2026-03-16 17:58:50,3525,3559,4019,23.1,56
2026-03-16 18:13:50,3518,3556,4011,23.1,56
2026-03-16 18:28:51,3518,3519,4009,23.1,56
2026-03-16 18:43:52,3512,3448,4008,23.1,56
2026-03-16 18:58:53,3517,3417,4011,23.1,56
2026-03-16 19:13:54,3508,3540,4011,23.1,56
2026-03-16 19:28:55,3514,3543,4011,23.1,56
2026-03-16 19:43:56,3526,3545,4015,23.1,56
2026-03-16 19:59:01,3533,3539,4019,23.1,56
2026-03-16 20:14:03,3532,3533,4015,23.1,56
2026-03-16 20:29:04,3539,3530,4012,23.1,56
2026-03-16 20:44:06,3551,3529,4013,23.2,56
2026-03-16 20:59:08,3549,3533,4019,23.2,56
2026-03-16 21:14:10,3595,3518,4023,23.2,56
2026-03-16 21:29:11,3564,3530,4011,23.3,56
2026-03-16 21:44:14,3566,3527,4008,23.3,56
2026-03-16 21:59:15,3577,3527,4013,23.4,56
2026-03-16 22:14:17,3579,3517,4007,23.4,56
2026-03-16 22:29:17,3511,3515,4008,23.4,56
2026-03-16 22:44:19,3549,3515,4011,23.4,56
2026-03-16 22:59:20,3551,3515,4019,23.4,56
2026-03-16 23:14:22,3550,3517,4019,23.4,56
2026-03-16 23:29:23,3562,3507,4019,23.4,56
2026-03-16 23:44:24,3532,3497,4023,23.4,56
2026-03-16 23:59:25,3531,3501,4023,23.4,56
2026-03-17 00:14:28,3548,3501,4021,23.4,56
2026-03-17 00:29:29,3540,3495,4027,23.3,56
2026-03-17 00:44:30,3518,3495,4026,23.3,56
2026-03-17 00:59:33,3512,3500,4024,23.2,56
2026-03-17 01:14:36,3516,3499,4029,23.2,56
2026-03-17 01:29:37,3518,3517,4030,23.2,56
2026-03-17 01:44:40,3517,3503,4031,23.3,56
2026-03-17 01:59:41,3516,3528,4039,23.3,56
2026-03-17 02:14:44,3510,3595,4031,23.3,56
2026-03-17 02:29:45,3509,3665,4031,23.4,56
2026-03-17 02:44:47,3514,3684,4030,23.4,56
2026-03-17 02:59:48,3513,3693,4031,23.4,56
2026-03-17 03:14:49,3516,3720,4029,23.5,56
2026-03-17 03:29:50,3511,3737,4027,23.6,56
2026-03-17 03:44:50,3514,3768,4027,23.6,56
2026-03-17 03:59:51,3519,3807,4029,23.6,56
2026-03-17 04:14:52,3510,3875,4029,23.6,56
2026-03-17 04:29:54,3514,3863,4031,23.6,56
2026-03-17 04:44:57,3508,3789,4031,23.6,56
2026-03-17 04:59:58,3519,3763,4047,23.7,56
2026-03-17 05:14:58,3528,3773,4039,23.7,56
2026-03-17 05:29:59,3539,3749,4039,23.7,56
2026-03-17 05:45:01,3559,3829,4027,23.7,56
2026-03-17 06:00:01,3562,3709,4027,23.7,56
2026-03-17 06:15:02,3555,3695,4023,23.7,56
2026-03-17 06:30:04,3562,3686,4025,23.7,56
2026-03-17 06:45:06,3557,3665,4021,23.7,56
2026-03-17 07:00:11,3567,3659,4019,23.7,56
2026-03-17 07:15:12,3563,3653,4013,23.7,57
2026-03-17 07:30:17,3565,3643,4013,23.7,57
2026-03-17 07:45:18,3565,3643,4020,23.7,57
2026-03-17 08:00:20,3559,3647,4019,23.7,57
2026-03-17 08:15:24,3551,3639,4011,23.8,57
2026-03-17 08:30:25,3542,3629,4015,23.8,57
2026-03-17 08:45:27,3604,3625,4005,23.8,57
2026-03-17 09:00:30,3560,3623,4004,23.8,57
2026-03-17 09:15:32,3529,3620,3999,23.8,57
2026-03-17 09:30:35,3534,3612,4003,23.8,57
2026-03-17 09:45:35,3544,3613,3996,23.8,57
2026-03-17 10:00:36,3548,3613,3999,23.8,57
2026-03-17 10:15:37,3535,3619,4006,23.8,57
2026-03-17 10:30:38,3539,3599,4011,23.8,57
2026-03-17 10:45:40,3540,3595,4005,23.8,57
2026-03-17 11:00:40,3531,3592,3993,23.7,57
2026-03-17 11:15:41,3515,3593,3988,23.7,57
2026-03-17 11:30:44,3516,3575,3982,23.7,57
2026-03-17 11:45:45,3514,3577,3979,23.7,57
2026-03-17 12:00:45,3515,3589,3975,23.8,57
2026-03-17 12:15:48,3516,3572,3987,23.8,57
2026-03-17 12:30:49,3518,3580,3993,23.8,56
2026-03-17 12:45:50,3530,3581,3997,23.8,56
2026-03-17 13:00:52,3528,3577,3992,23.8,56
2026-03-17 13:15:52,3538,3580,3987,23.9,56
2026-03-17 13:30:54,3534,3851,3989,23.9,56
2026-03-17 13:45:54,3546,4024,3992,24.0,56
2026-03-17 14:00:55,3640,3993,3995,24.0,56
2026-03-17 14:15:56,3610,3604,3995,24.0,56
2026-03-17 14:30:57,3565,3795,3992,24.0,56
2026-03-17 14:45:58,3571,3613,3993,24.1,56
2026-03-17 15:01:02,3563,3611,3991,24.1,56
2026-03-17 15:16:04,3559,3610,3991,24.1,57
2026-03-17 15:31:07,3564,3918,3991,24.2,57
2026-03-17 15:46:10,3559,3603,3989,24.2,57
2026-03-17 16:01:13,3562,3567,3981,24.2,57
2026-03-17 16:16:16,3559,3609,3977,24.3,57
2026-03-17 16:31:18,3560,3539,3977,24.3,57
2026-03-17 16:46:19,3559,3500,3977,24.4,57
2026-03-17 17:01:21,3555,3447,3979,24.5,57
2026-03-17 17:16:25,3566,3352,3991,24.6,57
2026-03-17 17:31:28,3563,3324,4015,24.6,57
2026-03-17 17:46:31,3588,3311,4019,24.7,56
2026-03-17 18:01:36,3601,3315,4025,24.7,56
2026-03-17 18:16:39,3576,3311,4036,24.8,56
2026-03-17 18:31:40,3576,3322,4031,24.8,56
2026-03-17 18:46:44,3571,3381,4029,24.8,56
2026-03-17 19:01:46,3590,3491,4023,24.8,56
2026-03-17 19:16:48,3658,3629,4024,24.8,56
2026-03-17 19:31:50,3572,3691,4020,24.7,56
2026-03-17 19:46:51,3572,3740,4020,24.7,56
2026-03-17 20:01:53,3579,3775,4014,24.7,56
2026-03-17 20:16:55,3589,3529,4021,24.8,56
2026-03-17 20:31:59,3576,3327,4013,24.8,56
2026-03-17 20:47:00,3572,3341,4021,24.8,56
2026-03-17 21:02:03,3575,3339,4009,24.9,56
2026-03-17 21:17:06,3563,3339,4009,24.9,56
2026-03-17 21:32:07,3564,3324,4009,24.9,56
2026-03-17 21:47:09,3560,3318,4007,24.9,56
2026-03-17 22:02:11,3558,3319,4009,24.9,56
2026-03-17 22:17:11,3539,3340,4007,24.9,56
2026-03-17 22:32:12,3543,3673,4012,24.9,56
2026-03-17 22:47:13,3556,4095,4019,25.0,56
2026-03-17 23:02:13,3558,3987,4025,25.1,56
2026-03-17 23:17:14,3561,3545,4021,25.1,56
2026-03-17 23:32:15,3575,3317,4015,25.1,56
2026-03-17 23:47:16,3577,3311,4011,25.2,57
2026-03-18 00:02:17,3563,3309,4009,25.2,57
2026-03-18 00:17:17,3571,3315,4013,25.2,57
2026-03-18 00:32:18,3619,3311,4015,25.3,57
2026-03-18 00:47:19,3624,3315,4024,25.3,57
2026-03-18 01:02:21,3562,3316,4023,25.3,57
2026-03-18 01:17:22,3546,3299,4015,25.3,58
2026-03-18 01:32:26,3534,3315,4019,25.3,58
2026-03-18 01:47:27,3527,3307,4007,25.3,58
2026-03-18 02:02:29,3536,3307,4005,25.3,58
2026-03-18 02:17:29,3534,3308,4007,25.4,58
2026-03-18 02:32:30,3533,3317,4004,25.4,58
2026-03-18 02:47:31,3519,3317,4005,25.4,58
2026-03-18 03:02:32,3536,3309,3997,25.4,58
2026-03-18 03:17:33,3539,3310,3999,25.4,58
2026-03-18 03:32:34,3534,3307,3991,25.4,58
2026-03-18 03:47:35,3535,3308,3987,25.4,58
2026-03-18 04:02:36,3534,3304,3991,25.4,58
2026-03-18 04:17:37,3541,3301,3995,25.4,58
2026-03-18 04:32:37,3544,3301,3991,25.4,58
2026-03-18 04:47:39,3519,3299,3963,25.3,58
2026-03-18 05:02:40,3512,3288,3974,25.3,58
2026-03-18 05:17:40,3512,3288,3975,25.3,58
2026-03-18 05:32:41,3512,3311,3979,25.3,58
2026-03-18 05:47:44,3519,3596,3973,25.3,58
2026-03-18 06:02:44,3539,3727,3975,25.3,58
2026-03-18 06:17:47,3539,3526,3965,25.3,58
2026-03-18 06:32:49,3535,3301,3955,25.2,58
2026-03-18 06:47:50,3532,3295,3961,25.2,58
2026-03-18 07:02:51,3533,3290,3949,25.1,58
2026-03-18 07:17:54,3533,3285,3948,25.1,58
2026-03-18 07:32:54,3529,3286,3949,25.1,58
2026-03-18 07:47:55,3529,3289,3991,25.1,58
2026-03-18 08:02:58,3534,3294,3949,25.1,58
2026-03-18 08:17:58,3535,3302,3949,25.1,58
2026-03-18 08:32:59,3533,3295,3947,25.1,58
2026-03-18 08:48:00,3533,3299,3945,25.1,58
2026-03-18 09:03:01,3532,3307,3947,25.1,58
2026-03-18 09:18:01,3519,3307,3947,25.1,58
2026-03-18 09:33:02,3530,3295,3947,25.1,58
2026-03-18 09:48:04,3519,3289,3945,25.1,58
2026-03-18 10:03:06,3525,3285,3948,25.1,58
2026-03-18 10:18:07,3525,3291,3939,25.1,58
2026-03-18 10:33:08,3519,3291,3945,25.1,58
2026-03-18 10:48:09,3519,3299,3943,25.1,58
2026-03-18 11:03:11,3529,3293,3943,25.1,58
2026-03-18 11:18:12,3530,3301,3941,25.1,58
2026-03-18 11:33:13,3533,3299,3944,25.1,58
2026-03-18 11:48:13,3528,3305,3944,25.1,58
2026-03-18 12:03:14,3530,3309,3952,25.2,58
2026-03-18 12:18:14,3530,3311,3959,25.2,58
2026-03-18 12:33:17,3519,3311,3960,25.3,58
2026-03-18 12:48:19,3531,3320,3957,25.3,58
2026-03-18 13:03:20,3537,3320,3961,25.3,59
2026-03-18 13:18:20,3534,3325,3965,25.3,59
2026-03-18 13:33:21,3540,3285,3974,25.4,59
2026-03-18 13:48:22,3531,3321,3967,25.4,59
2026-03-18 14:03:24,3576,3324,3967,25.5,59
2026-03-18 14:18:25,3605,3359,3976,25.6,59
2026-03-18 14:33:26,3595,3339,3981,25.6,59
2026-03-18 14:48:28,3543,3337,3975,25.6,59
2026-03-18 15:03:28,3539,3336,3977,25.6,58
2026-03-18 15:18:30,3538,3324,3979,25.6,58
2026-03-18 15:33:30,3544,3324,3979,25.7,58
2026-03-18 15:48:31,3539,3323,3975,25.7,58
2026-03-18 16:03:32,3544,3321,3968,25.7,58
2026-03-18 16:18:33,3554,3321,3973,25.8,58
2026-03-18 16:33:34,3548,3319,3963,25.8,58
2026-03-18 16:48:35,3533,3321,3963,25.9,58
2026-03-18 17:03:36,3539,3315,3976,26.0,58
2026-03-18 17:18:37,3528,3319,3986,26.1,58
2026-03-18 17:33:40,3543,3311,3987,26.2,58
2026-03-18 17:48:40,3541,3316,3979,26.3,58
2026-03-18 18:03:41,3538,3320,3986,26.3,58
2026-03-18 18:18:42,3544,3319,3986,26.3,57
2026-03-18 18:33:42,3555,3319,3991,26.3,57
2026-03-18 18:48:45,3551,3320,3993,26.3,57
2026-03-18 19:03:45,3563,3321,3989,26.3,57
2026-03-18 19:18:48,3560,3327,3991,26.4,57
2026-03-18 19:33:48,3551,3321,3996,26.4,57
2026-03-18 19:48:49,3556,3323,3997,26.4,57
2026-03-18 20:03:50,3550,3323,4005,26.4,57
2026-03-18 20:18:50,3549,3321,4013,26.4,57
2026-03-18 20:33:52,3548,3320,4011,26.4,57
2026-03-18 20:48:53,3546,3325,4015,26.4,57
2026-03-18 21:03:53,3550,3325,4013,26.4,57
2026-03-18 21:18:58,3541,3321,4021,26.4,57
2026-03-18 21:33:59,3547,3317,4012,26.4,57
2026-03-18 21:49:00,3556,3321,4009,26.4,57
2026-03-18 22:04:01,3549,3319,4011,26.4,57
2026-03-18 22:19:02,3560,3325,4008,26.4,57
2026-03-18 22:34:04,3565,3323,4012,26.4,56
2026-03-18 22:49:05,3559,3317,4016,26.4,56
2026-03-18 23:04:07,3558,3311,4011,26.4,56
2026-03-18 23:19:09,3556,3321,4007,26.4,56
2026-03-18 23:34:10,3556,3311,4004,26.4,56
2026-03-18 23:49:11,3560,3323,4008,26.4,56
2026-03-19 00:04:12,3555,3323,4007,26.3,56
2026-03-19 00:19:13,3551,3322,4005,26.3,56
2026-03-19 00:34:14,3560,3341,4004,26.3,56
2026-03-19 00:49:15,3606,3325,4009,26.3,56
2026-03-19 01:04:16,3571,3328,4007,26.4,56
2026-03-19 01:19:18,3558,3323,4007,26.4,56
2026-03-19 01:34:19,3554,3320,4013,26.4,56
2026-03-19 01:49:19,3562,3319,4009,26.4,56
2026-03-19 02:04:20,3562,3311,4007,26.4,56
2026-03-19 02:19:21,3571,3321,3999,26.4,56
2026-03-19 02:34:22,3637,3321,4000,26.5,56
2026-03-19 02:49:23,3656,3321,4007,26.5,56
2026-03-19 03:04:24,3580,3321,4004,26.5,57
2026-03-19 03:19:26,3629,3324,3998,26.5,57
2026-03-19 03:34:27,3625,3324,4004,26.5,57
2026-03-19 03:49:27,3602,3320,3995,26.5,57
2026-03-19 04:04:28,3563,3326,3997,26.5,57
2026-03-19 04:19:29,3559,3321,3997,26.5,57
2026-03-19 04:34:32,3559,3320,3996,26.4,57
2026-03-19 04:49:33,3567,3335,3998,26.4,57
2026-03-19 05:04:33,3567,3323,4005,26.3,57
2026-03-19 05:19:35,3574,3321,4003,26.3,57
2026-03-19 05:34:36,3576,3325,4005,26.3,57
2026-03-19 05:49:37,3563,3327,4007,26.3,57
2026-03-19 06:04:38,3564,3321,4011,26.3,57
2026-03-19 06:19:39,3575,3325,4007,26.3,57
2026-03-19 06:34:40,3568,3321,4005,26.3,57
2026-03-19 06:49:41,3574,3321,3997,26.2,57
2026-03-19 07:04:41,3579,3334,3997,26.2,57
2026-03-19 07:19:42,3619,3323,3991,26.2,57
2026-03-19 07:34:44,3601,3321,3985,26.1,57
2026-03-19 07:49:45,3578,3323,3982,26.1,57
2026-03-19 08:04:45,3577,3327,3981,26.1,57
2026-03-19 08:19:49,3576,3337,3987,26.1,57
2026-03-19 08:34:50,3597,3327,3981,26.0,57
2026-03-19 08:49:51,3640,3335,3965,26.0,57
2026-03-19 09:04:51,3660,3337,3975,26.0,57
2026-03-19 09:19:52,3661,3337,3968,26.0,57
2026-03-19 09:34:53,3658,3337,3975,26.0,57
2026-03-19 09:49:58,3601,3239,3989,26.0,57
2026-03-19 10:04:59,3604,3347,3993,25.9,57
2026-03-19 10:20:00,3672,3368,3993,25.9,57
2026-03-19 10:35:00,3685,3401,4005,25.9,57
2026-03-19 10:50:01,3597,3415,4004,25.9,57
2026-03-19 11:05:02,3571,3423,3999,25.8,57
2026-03-19 11:20:03,3558,3439,3996,25.8,57
2026-03-19 11:35:04,3556,3431,3989,25.8,57
2026-03-19 11:50:06,3559,3419,3988,25.8,57
2026-03-19 12:05:07,3555,3410,3989,25.8,57
2026-03-19 12:20:08,3546,3397,3997,25.8,57
2026-03-19 12:35:10,3543,3387,3995,25.8,57
2026-03-19 12:50:13,3541,3359,3995,25.8,57
2026-03-19 13:05:16,3557,3359,3996,25.8,57
2026-03-19 13:20:18,3548,3380,3995,25.8,57
2026-03-19 13:35:21,3561,3384,4003,25.8,57
2026-03-19 13:50:22,3567,3369,3996,25.8,57
2026-03-19 14:05:26,3571,3348,4003,25.8,57
2026-03-19 14:20:27,3560,3334,3995,25.8,56
2026-03-19 14:35:30,3567,3419,3991,25.8,56
2026-03-19 14:50:31,3567,3421,3993,25.8,56
2026-03-19 15:05:32,3560,3421,3992,25.8,56
2026-03-19 15:20:34,3560,3453,3990,25.9,56
2026-03-19 15:35:35,3567,3419,3988,25.9,56
2026-03-19 15:50:36,3565,3343,3989,25.9,56
2026-03-19 16:05:37,3572,3339,3987,25.9,56
2026-03-19 16:20:40,3639,3355,3987,26.0,56
2026-03-19 16:35:43,3577,3339,3992,26.0,56
2026-03-19 16:50:45,3572,3339,3992,26.1,56
2026-03-19 17:05:48,3576,3341,3999,26.1,56
2026-03-19 17:20:52,3574,3340,4003,26.2,56
2026-03-19 17:35:53,3578,3337,4005,26.3,55
2026-03-19 17:50:55,3575,3339,4004,26.3,55
2026-03-19 18:05:57,3565,3367,4005,26.4,55
2026-03-19 18:20:58,3574,3475,4005,26.4,55
2026-03-19 18:36:00,3575,3485,4004,26.4,55
2026-03-19 18:51:02,3571,3435,3997,26.4,55
2026-03-19 19:06:03,3566,3399,3999,26.5,55
2026-03-19 19:21:05,3567,3347,3997,26.5,55
2026-03-19 19:36:06,3546,3349,3999,26.5,55
2026-03-19 19:51:08,3560,3349,4003,26.5,55
2026-03-19 20:06:10,3562,3351,3999,26.6,55
2026-03-19 20:21:12,3556,3348,3999,26.6,55
2026-03-19 20:36:17,3544,3349,4004,26.6,54
2026-03-19 20:51:19,3555,3347,3999,26.6,54
2026-03-19 21:06:21,3561,3351,4003,26.6,54
2026-03-19 21:21:22,3575,3351,3993,26.6,54
2026-03-19 21:36:23,3588,3348,3997,26.6,54
2026-03-19 21:51:26,3642,3349,4005,26.6,54
2026-03-19 22:06:27,3606,3355,4007,26.7,54
2026-03-19 22:21:28,3593,3353,4004,26.7,54
2026-03-19 22:36:29,3592,3353,4009,26.7,54
2026-03-19 22:51:30,3588,3353,4011,26.7,54
2026-03-19 23:06:31,3577,3356,4011,26.7,54
2026-03-19 23:21:33,3577,3359,4013,26.7,54
2026-03-19 23:36:36,3575,3360,4013,26.7,54
2026-03-19 23:51:38,3574,3365,4013,26.7,54
2026-03-20 00:06:38,3561,3363,4012,26.7,54
2026-03-20 00:21:40,3567,3355,4011,26.7,54
2026-03-20 00:36:41,3557,3359,4013,26.6,54
2026-03-20 00:51:42,3560,3358,4011,26.6,54
2026-03-20 01:06:44,3559,3357,4012,26.7,54
2026-03-20 01:21:44,3567,3365,4011,26.6,54
2026-03-20 01:36:47,3578,3363,4007,26.6,53
2026-03-20 01:51:48,3575,3385,4011,26.5,53
2026-03-20 02:06:49,3571,3369,4012,26.4,53
2026-03-20 02:21:51,3577,3355,4007,26.4,52
2026-03-20 02:36:52,3573,3351,4005,26.4,52
2026-03-20 02:51:53,3577,3347,4003,26.4,52
2026-03-20 03:06:54,3588,3349,4004,26.4,53
2026-03-20 03:21:56,3572,3352,4005,26.5,53
2026-03-20 03:36:57,3574,3343,3999,26.5,53
2026-03-20 03:51:58,3571,3348,4008,26.5,53
2026-03-20 04:06:59,3562,3347,4009,26.5,53
2026-03-20 04:22:00,3555,3342,4007,26.5,53
2026-03-20 04:37:01,3561,3351,4005,26.5,53
2026-03-20 04:52:03,3555,3349,3999,26.5,53
2026-03-20 05:07:04,3555,3349,4003,26.5,53
2026-03-20 05:22:05,3557,3353,3997,26.5,53
2026-03-20 05:37:06,3557,3371,3995,26.5,54
2026-03-20 05:52:07,3557,3483,3997,26.5,54
2026-03-20 06:07:08,3563,3545,3999,26.4,54
2026-03-20 06:22:09,3564,3619,3999,26.4,54
2026-03-20 06:37:10,3580,3795,4000,26.4,54
2026-03-20 06:52:11,3603,3962,4000,26.4,54
2026-03-20 07:07:14,3614,4091,4004,26.3,54
2026-03-20 07:22:15,3631,4095,4007,26.3,55
2026-03-20 07:37:16,3652,4095,4005,26.3,55
2026-03-20 07:52:18,3643,4095,4006,26.2,55
2026-03-20 08:07:19,3640,4095,4005,26.2,54
2026-03-20 08:22:20,3632,4095,3999,26.1,54
2026-03-20 08:37:21,3616,4095,3997,26.0,54
2026-03-20 08:52:22,3642,4095,3999,25.9,54
2026-03-20 09:07:23,3643,4095,3995,25.8,54
2026-03-20 09:22:23,3639,4095,3999,25.8,54
2026-03-20 09:37:24,3639,4095,3995,25.8,54
2026-03-20 09:52:26,3630,3629,3991,25.8,54
2026-03-20 10:07:27,3626,3475,3991,25.8,54
2026-03-20 10:22:28,3639,3533,3991,25.7,54
2026-03-20 10:37:28,3628,3474,3989,25.6,54
2026-03-20 10:52:29,3632,3421,3991,25.6,54
2026-03-20 11:07:30,3631,3372,3990,25.5,54
2026-03-20 11:22:31,3636,3375,3995,25.4,54
2026-03-20 11:37:32,3635,3421,3993,25.4,54
2026-03-20 11:52:34,3638,3492,3993,25.4,53
2026-03-20 12:07:35,3644,3638,3997,25.3,53
2026-03-20 12:22:37,3646,4051,3999,25.3,53
2026-03-20 12:37:38,3641,4095,3999,25.3,53
2026-03-20 12:52:40,3572,4095,3999,25.3,53
2026-03-20 13:07:41,3564,4095,3999,25.3,52
2026-03-20 13:22:44,3558,4095,3999,25.3,52
2026-03-20 13:37:45,3559,4095,3997,25.3,52
2026-03-20 13:52:46,3559,4095,4000,25.3,52
2026-03-20 14:07:47,3557,4095,4003,25.3,52
2026-03-20 14:22:48,3563,4095,3999,25.4,51
2026-03-20 14:37:49,3559,4095,3991,25.4,51
2026-03-20 14:52:51,3631,4095,3991,25.4,51
2026-03-20 15:07:52,3604,4095,3992,25.4,51
2026-03-20 15:22:53,3547,4095,3995,25.4,51
2026-03-20 15:37:55,3601,4095,3994,25.4,51
2026-03-20 15:52:56,3636,4095,3993,25.4,51
2026-03-20 16:07:58,3628,4095,3993,25.5,50
2026-03-20 16:23:01,3553,4095,3993,25.5,50
2026-03-20 16:38:03,3549,4095,3993,25.5,50
2026-03-20 16:53:04,3548,4095,3991,25.6,50
2026-03-20 17:08:05,3543,4095,3993,25.6,50
2026-03-20 17:23:06,3542,4095,3995,25.6,49
2026-03-20 17:38:07,3659,4095,4003,25.6,49
2026-03-20 17:53:08,3641,4095,4009,25.7,49
2026-03-20 18:08:09,3636,4095,4007,25.7,49
2026-03-20 18:23:10,3557,4095,4003,25.7,49
2026-03-20 18:38:12,3568,4095,4005,25.7,49
2026-03-20 18:53:13,3564,4095,4003,25.7,49
2026-03-20 19:08:14,3572,4095,4005,25.7,49
2026-03-20 19:23:16,3568,4095,4007,25.7,49
2026-03-20 19:38:17,3564,4095,4007,25.7,49
2026-03-20 19:53:18,3563,4095,4009,25.7,49
2026-03-20 20:08:19,3554,4095,4009,25.7,49
2026-03-20 20:23:20,3549,4095,4009,25.7,49
2026-03-20 20:38:21,3554,4095,4005,25.7,49
2026-03-20 20:53:22,3540,4095,4000,25.7,49
2026-03-20 21:08:23,3541,4095,3999,25.7,48
2026-03-20 21:23:24,3539,4095,4004,25.7,48
2026-03-20 21:38:25,3526,4095,3997,25.7,48
2026-03-20 21:53:27,3539,4095,3997,25.7,48
2026-03-20 22:08:27,3593,4095,3995,25.7,48
2026-03-20 22:23:29,3595,4095,3996,25.7,48
2026-03-20 22:38:30,3548,4095,3999,25.7,48
2026-03-20 22:53:31,3539,4095,3995,25.8,48
2026-03-20 23:08:32,3548,4095,4003,25.8,49
2026-03-20 23:23:33,3543,4095,3999,25.9,49
2026-03-20 23:38:33,3548,4095,4004,25.9,49
2026-03-20 23:53:34,3544,4095,3998,26.0,49
2026-03-21 00:08:35,3555,4095,4005,26.0,50
2026-03-21 00:23:36,3558,4095,4004,26.1,50
2026-03-21 00:38:37,3550,4095,4003,26.1,50
2026-03-21 00:53:38,3550,4095,4007,26.1,50
2026-03-21 01:08:39,3548,4095,4003,26.1,50
2026-03-21 01:23:40,3547,4095,4003,26.1,51
2026-03-21 01:38:40,3542,4095,4005,26.1,51
2026-03-21 01:53:41,3547,4095,4003,26.1,51
2026-03-21 02:08:42,3561,4095,4008,26.1,51
2026-03-21 02:23:43,3563,4095,4010,26.1,51
2026-03-21 02:38:44,3554,4095,4008,26.1,52
2026-03-21 02:53:44,3623,4095,4009,26.1,52
2026-03-21 03:08:45,3602,4095,4008,26.1,52
2026-03-21 03:23:46,3539,4095,4007,26.0,52
2026-03-21 03:38:47,3559,4095,4009,26.0,52
2026-03-21 03:53:47,3565,4095,4010,26.0,53
2026-03-21 04:08:48,3596,4095,4009,26.0,53
2026-03-21 04:23:49,3612,4095,4007,26.0,53
2026-03-21 04:38:50,3623,4095,4009,25.9,53
2026-03-21 04:53:51,3627,4095,4007,25.9,53
2026-03-21 05:08:52,3623,4095,4008,25.9,53
2026-03-21 05:23:54,3608,4095,4011,25.8,53
2026-03-21 05:38:55,3620,4095,4009,25.8,53
2026-03-21 05:53:55,3603,4095,4008,25.8,53
2026-03-21 06:08:56,3575,4095,4006,25.8,53
2026-03-21 06:23:57,3548,4095,4008,25.7,53
2026-03-21 06:38:58,3544,4095,4003,25.7,53
2026-03-21 06:53:58,3539,4095,4006,25.7,53
2026-03-21 07:08:59,3543,4095,4004,25.7,53
2026-03-21 07:24:00,3534,4095,4005,25.6,53
2026-03-21 07:39:01,3545,4095,4003,25.6,53
2026-03-21 07:54:01,3601,4095,4005,25.6,53
2026-03-21 08:09:02,3607,4095,3997,25.5,53
2026-03-21 08:24:03,3609,4095,3999,25.5,53
2026-03-21 08:39:04,3607,4095,4000,25.5,53
2026-03-21 08:54:05,3607,4095,3999,25.5,53
2026-03-21 09:09:06,3588,4095,3999,25.4,53
2026-03-21 09:24:07,3621,4095,4003,25.4,54
2026-03-21 09:39:08,3619,4095,4003,25.4,54
2026-03-21 09:54:08,3588,4095,3999,25.4,54
2026-03-21 10:09:09,3593,4095,3999,25.3,54
2026-03-21 10:24:10,3598,4095,4004,25.3,54
2026-03-21 10:39:11,3604,4095,3998,25.3,54
2026-03-21 10:54:11,3568,4095,3999,25.3,54
2026-03-21 11:09:14,3590,4095,4003,25.3,54
2026-03-21 11:24:14,3610,4095,3999,25.3,54
2026-03-21 11:39:15,3620,4095,3999,25.2,54
2026-03-21 11:54:17,3628,4095,3999,25.2,54
2026-03-21 12:09:18,3636,4095,3995,25.2,54
2026-03-21 12:24:19,3629,4095,3997,25.2,53
2026-03-21 12:39:22,3623,4095,3999,25.2,53
2026-03-21 12:54:23,3621,4095,3995,25.2,53
2026-03-21 13:09:24,3625,4095,3990,25.3,54
2026-03-21 13:24:25,3630,4095,3995,25.3,54
2026-03-21 13:39:26,3628,4095,4013,25.3,54
2026-03-21 13:54:27,3637,4095,3997,25.3,54
2026-03-21 14:09:28,3641,4095,4005,25.3,54
2026-03-21 14:24:30,3642,4095,4005,25.3,54
2026-03-21 14:39:33,3639,4095,4004,25.3,54
2026-03-21 14:54:35,3641,4095,4005,25.3,54
2026-03-21 15:09:36,3637,4095,4005,25.3,54
2026-03-21 15:24:37,3639,4095,4009,25.3,54
2026-03-21 15:39:38,3628,4095,4005,25.3,54
2026-03-21 15:54:39,3631,4095,4005,25.3,54
2026-03-21 16:09:40,3635,4095,3997,25.3,54
2026-03-21 16:24:40,3631,4095,3991,25.3,54
2026-03-21 16:39:42,3624,4095,3995,25.3,53
2026-03-21 16:54:43,3630,4095,3995,25.3,53
2026-03-21 17:09:44,3625,4095,4003,25.4,53
2026-03-21 17:24:45,3621,4095,4011,25.5,53
2026-03-21 17:39:46,3640,4095,4009,25.5,53
2026-03-21 17:54:46,3644,4095,4005,25.6,53
2026-03-21 18:09:47,3652,4095,4005,25.6,53
2026-03-21 18:24:48,3660,4095,4011,25.6,52
2026-03-21 18:39:50,3669,4095,4009,25.7,52
2026-03-21 18:54:51,3640,4095,4008,25.7,52
2026-03-21 19:09:52,3635,4095,4007,25.7,52
2026-03-21 19:24:54,3654,4095,4003,25.7,52
2026-03-21 19:39:55,3642,4095,4003,25.7,52
2026-03-21 19:54:57,3636,4095,4003,25.7,52
2026-03-21 20:09:58,3630,4095,4004,25.7,52
2026-03-21 20:24:59,3631,4095,4000,25.8,52
2026-03-21 20:40:00,3630,4095,4005,25.8,52
2026-03-21 20:55:01,3632,4095,3999,25.8,52
2026-03-21 21:10:02,3636,4095,3999,25.8,52
2026-03-21 21:25:02,3628,4095,4000,25.8,51
2026-03-21 21:40:02,3626,4095,3999,25.8,51
2026-03-21 21:55:03,3631,4095,4007,25.8,51
2026-03-21 22:10:04,3637,4095,3999,25.9,51
2026-03-21 22:25:04,3619,4095,4005,25.9,51
2026-03-21 22:40:08,3593,4095,4003,25.9,51
2026-03-21 22:55:08,3565,4095,3999,25.9,51
2026-03-21 23:10:09,3562,4095,4003,25.9,51
2026-03-21 23:25:09,3572,4095,4013,25.9,51
2026-03-21 23:40:10,3575,4095,4007,25.9,51
2026-03-21 23:55:10,3609,4095,4007,25.9,51
2026-03-22 00:10:11,3623,4095,4005,25.9,51
2026-03-22 00:25:12,3636,4095,4010,25.9,51
2026-03-22 00:40:12,3638,4095,4008,25.9,51
2026-03-22 00:55:13,3644,4095,4007,25.9,51
2026-03-22 01:10:13,3646,4095,4009,25.9,51
2026-03-22 01:25:14,3655,4095,4009,25.9,51
2026-03-22 01:40:15,3673,4095,4007,25.9,51
2026-03-22 01:55:16,3675,4095,4009,25.9,51
2026-03-22 02:10:17,3678,4095,4008,25.9,51
2026-03-22 02:25:17,3658,4095,4010,26.0,51
2026-03-22 02:40:19,3143,3999,3281,26.0,51
2026-03-22 02:55:19,3804,3731,4095,26.0,51
2026-03-22 03:10:20,3577,4095,3957,26.0,51
2026-03-22 03:25:21,3575,4095,3959,26.0,51
2026-03-22 03:40:23,3578,4095,3963,26.1,51
2026-03-22 03:55:24,3579,4095,3965,26.1,51
2026-03-22 04:10:24,3588,4095,3979,26.1,51
2026-03-22 04:25:24,3593,4095,3975,26.1,52
2026-03-22 04:40:24,3597,4095,3973,26.0,53
2026-03-22 04:55:25,3576,4095,3965,25.9,53
2026-03-22 05:10:25,3589,4095,3967,25.9,53
2026-03-22 05:25:25,3592,4095,3965,25.8,53
2026-03-22 05:40:26,3588,4095,3966,25.8,53
2026-03-22 05:55:27,3591,4095,3967,25.8,54
2026-03-22 06:10:27,3573,4095,3967,25.7,54
2026-03-22 06:25:28,3579,4095,3978,25.7,54
2026-03-22 06:40:30,3590,4095,3981,25.6,54
2026-03-22 06:55:30,3594,4095,3981,25.6,54
2026-03-22 07:10:32,3578,4095,3981,25.6,54
2026-03-22 07:25:33,3578,4095,3983,25.5,54
2026-03-22 07:40:33,3590,4095,3988,25.5,54
2026-03-22 07:55:33,3579,4095,3979,25.5,54
2026-03-22 08:10:34,3578,4095,3979,25.5,54
2026-03-22 08:25:34,3591,4095,3979,25.4,54
2026-03-22 08:40:34,3592,4095,3961,25.4,54
2026-03-22 08:55:35,3580,4095,3960,25.4,54
2026-03-22 09:10:36,3595,4095,3955,25.3,54
2026-03-22 09:25:37,3594,4095,3947,25.3,54
2026-03-22 09:40:37,3596,4095,3946,25.3,54
2026-03-22 09:55:37,3593,4095,3949,25.3,54
2026-03-22 10:10:39,3576,4095,3947,25.3,54
2026-03-22 10:25:40,3580,4095,3947,25.3,54
2026-03-22 10:40:40,3591,4095,3943,25.3,54
2026-03-22 10:55:40,3581,4095,3947,25.3,54
2026-03-22 11:10:41,3593,4095,3949,25.3,54
2026-03-22 11:25:42,3596,4095,3945,25.3,54
2026-03-22 11:40:42,3609,4095,3963,25.3,54
2026-03-22 11:55:46,3601,4095,3963,25.3,54
2026-03-22 12:10:47,3593,4095,3965,25.3,54
2026-03-22 12:25:48,3595,4095,3977,25.2,54
2026-03-22 12:40:48,3599,4095,3975,25.1,54
2026-03-22 12:55:48,3573,4095,3973,25.1,53
2026-03-22 13:10:49,3575,4095,3967,25.1,53
2026-03-22 13:25:50,3589,4095,3965,25.1,53
2026-03-22 13:40:50,3580,4095,3975,25.1,53
2026-03-22 13:55:51,3580,4095,3976,25.1,53
2026-03-22 14:10:52,3577,4095,3961,25.1,53
2026-03-22 14:25:53,3571,4095,3959,25.1,53
2026-03-22 14:40:54,3574,4095,3959,25.1,53
2026-03-22 14:55:56,3567,4095,3953,25.1,53
2026-03-22 15:10:57,3576,4095,3959,25.0,52
2026-03-22 15:25:58,3567,4095,3957,25.0,52
2026-03-22 15:40:59,3568,4095,3951,25.0,52
2026-03-22 15:56:00,3560,4095,3955,25.0,51
2026-03-22 16:11:01,3579,4095,3956,25.0,51
2026-03-22 16:26:02,3567,4095,3955,25.1,51
2026-03-22 16:41:05,3572,4095,3959,25.1,51
2026-03-22 16:56:06,3591,4095,3963,25.1,51
2026-03-22 17:11:07,3604,4095,3961,25.2,51
2026-03-22 17:26:08,3597,4095,3959,25.2,51
2026-03-22 17:41:09,3603,4095,3961,25.2,51
2026-03-22 17:56:10,3608,4095,3959,25.2,51
2026-03-22 18:11:10,3632,4095,3951,25.2,51
2026-03-22 18:26:12,3643,4095,3959,25.1,50
2026-03-22 18:41:13,3644,4095,3963,25.1,50
2026-03-22 18:56:16,3640,4095,3961,25.1,50
2026-03-22 19:11:18,3631,4095,3963,25.1,50
2026-03-22 19:26:19,3610,4095,3963,25.1,50
2026-03-22 19:41:20,3589,4095,3973,25.1,50
2026-03-22 19:56:21,3578,4095,3977,25.1,50
2026-03-22 20:11:24,3575,4095,3978,25.1,50
2026-03-22 20:26:25,3603,4095,3977,25.2,50
2026-03-22 20:41:26,3572,4095,3977,25.2,49
2026-03-22 20:56:27,3576,4095,3976,25.2,49
2026-03-22 21:11:28,3563,4095,3978,25.2,49
2026-03-22 21:26:29,3568,4095,3977,25.2,49
2026-03-22 21:41:29,3559,4095,3974,25.2,49
2026-03-22 21:56:30,3559,4095,3968,25.2,49
2026-03-22 22:11:31,3562,4095,3967,25.2,49
2026-03-22 22:26:32,3562,4095,3964,25.2,49
2026-03-22 22:41:33,3560,4095,3966,25.2,49
2026-03-22 22:56:34,3558,4095,3967,25.2,49
2026-03-22 23:11:38,3562,4095,3979,25.2,49
2026-03-22 23:26:39,3560,4095,3965,25.2,49
2026-03-22 23:41:41,3557,4095,3975,25.2,49
2026-03-22 23:56:42,3566,4095,3959,25.1,49
